운영형태,관리기관명,주차장명,주차장관리번호,소재지도로명주소,주차장구분,주차장유형,주차구획수,위도,경도,교차로
구(군)직영,부산광역시 사상구청,감전동주변,2010000013,사상구 감전동 589-2,공영,노외,26,35.1541079,128.9800713,239
민간위탁,부산광역시 사상구청,엄궁초등학교지하주차장,2010000016,사상구 엄궁로191번길 23 ,공영,노외,93,35.1284458,128.973403,85
구(군)직영,부산광역시 사상구청,일신주택주변,2011000003,사상구 주례3동 545-3,공영,노외,10,35.1452068,129.0006715,165
구(군)직영,부산광역시 사상구청,주례중학교주변,2012000004,사상구 주례2동 82-13,공영,노외,8,35.1543835,129.011131,276
민간위탁,부산광역시 사상구청,모라1동행정복지센터주변,2007001725,사상구 백양대로 949-6,공영,노상,156,35.1710438,128.9880845,249
민간위탁,부산광역시 사상구청,학장동행정복지센터,2008000014,사상구 학감대로147번길 11 ,공영,노상,146,35.1441066,128.9873327,175
민간위탁,부산광역시 사상구청,삼락재첩거리주변,2009000001,사상구 낙동대로1518번길 33 ,공영,노상,137,35.193004,128.9860303,312
구(군)직영,부산광역시 사상구청,서감남길주변,2009000006,사상구 감전동 806-2,공영,노외,12,35.1541079,128.9800713,239
구(군)직영,부산광역시 사상구청,백양고가도로주변,2009000009,사상구 주례1동 340,공영,노외,23,35.158466,129.0020798,169
구(군)직영,부산광역시 사상구청,동주중학교주변,2009000013,사상구 주례3동 1262,공영,노외,37,35.1452068,129.0006715,165
구(군)직영,부산광역시 사상구청,동주윗길주변,2009000014,사상구 주례3동 545-18,공영,노외,5,35.1452068,129.0006715,165
시설관리공단위탁,부산광역시 사상구청,학장천복개,2007001468,사상구 주례3동 1233-7,공영,노외,275,35.1452068,129.0006715,165
민간운영,부산광역시 기장군청,동부근린공원인근 노외 주차장,2008000009,기장군 기장읍 151-8,공영,노외,100,35.2221405,129.2069469,19
민간운영,부산광역시 기장군청,기장 제1공영주차장,2010000006,기장군 기장읍 280-9,공영,노외,178,35.2221405,129.2069469,19
민간운영,부산광역시 기장군청,3구역 2소,2008000010,기장군 기장읍 38-0,공영,노상,30,35.2221405,129.2069469,19
민간운영,부산광역시 기장군청,3구역 3소,2008000011,기장군 기장읍 124-3 ,공영,노상,25,35.2221405,129.2069469,19
민간운영,부산광역시 기장군청,1구역 1소,2009000001,기장군 기장읍 278-3,공영,노상,34,35.2221405,129.2069469,19
구(군)직영,부산광역시 기장군청,임랑해수욕장 주변(행정봉사실 옆),2016000001,기장군 장안읍 1-5,공영,노외,51,35.33988,129.25706,51
구(군)직영,부산광역시 기장군청,장안읍 임랑리 아름마을,2016000002,기장군 장안읍 380-5,공영,노외,17,35.33988,129.25706,51
구(군)직영,부산광역시 기장군청,장안사 진입도로변,2016000003,기장군 장안읍 686-1,공영,노외,106,35.33988,129.25706,51
구(군)직영,부산광역시 기장군청,길천마을,2016000004,기장군 장안읍 255-8,공영,노외,55,35.33988,129.25706,51
구(군)직영,부산광역시 기장군청,오리 대룡마을,2016000005,기장군 장안읍 141-8,공영,노외,37,35.33988,129.25706,51
구(군)직영,부산광역시 기장군청,좌천 재래시장,2016000006,기장군 장안읍 45-8,공영,노외,55,35.33988,129.25706,51
구(군)직영,부산광역시 기장군청,상장안마을 공영주차장,2016000007,기장군 장안읍 412-3,공영,노외,35,35.33988,129.25706,51
구(군)직영,부산광역시 기장군청,하장안마을 공영주차장,2016000008,기장군 장안읍 120-3,공영,노외,28,35.33988,129.25706,51
구(군)직영,부산광역시 기장군청,마지마을 공영주차장,2016000009,기장군 철마면 304-3,공영,노외,29,35.27948,129.15495,36
구(군)직영,부산광역시 기장군청,한신아파트 앞 주변 이면도로,2016000011,기장군 기장읍 484,공영,노상,18,35.2221405,129.2069469,19
구(군)직영,부산광역시 기장군청,동산그린타워 주변 이면도로,2016000012,기장군 기장읍 448,공영,노상,63,35.2221405,129.2069469,19
구(군)직영,부산광역시 기장군청,포스코아파트 앞 주변도로,2016000013,기장군 차성동로116번길 1 ,공영,노상,13,35.2480783,129.218005,295
구(군)직영,부산광역시 기장군청,청강리 기장병원 주변 이면도로,2016000014,기장군 기장읍 305,공영,노상,190,35.2221405,129.2069469,19
구(군)직영,부산광역시 기장군청,정관면 달산리 성림아파트 전면도로,2016000016,기장군 정관로 744-41 ,공영,노상,8,35.3222563,129.1940209,120
구(군)직영,부산광역시 사상구청,엄궁동우체국주변,2007001788,사상구 엄궁동 522-7,공영,노외,7,35.1253802,128.9724058,79
민간위탁,부산광역시 사상구청,감전중천주변,2007011323,사상구 새벽시장로56번가길 63,공영,노상,189,35.1542487,128.9783556,221
시설관리공단위탁,부산광역시 사상구청,도시철도 냉정역,2007011149,사상구 주례2동 1233-1,공영,노외,82,35.1543835,129.011131,276
구(군)직영,부산광역시 사상구청,엄광길주변,2007001421,사상구 주례2동 1285-18,공영,노외,9,35.1543835,129.011131,276
구(군)직영,부산광역시 사상구청,덕포시장주변,2007001780,사상구 덕포2동 419-2,공영,노외,23,35.17632385,128.9892648,206
민간위탁,부산광역시 사상구청,동영공업주변,2007001207,사상구 감전천로 84 ,공영,노상,414,35.1502645,128.9762541,178
민간위탁,부산광역시 사상구청,위생처리장주변,2007001169,사상구 낙동대로943번길 157,공영,노상,271,35.13828,128.96704,99
민간위탁,부산광역시 사상구청,학장지구대주변,2007001147,사상구 학장로135번길 24-9 ,공영,노상,225,35.1464578,128.9831396,227
민간위탁,부산광역시 사상구청,감전중고차시장주변,2007001083,사상구 학감대로221번길 ,공영,노상,108,35.1511769,128.9876714,246
민간위탁,부산광역시 사상구청,동서고가도로밑주변,2007001240,사상구 백양대로445번길 2 ,공영,노상,90,35.1516528,129.0025592,225
민간위탁,부산광역시 사상구청,주례역주변 복개,2009000015,사상구 주례3동 1233-7,공영,노외,87,35.1452068,129.0006715,165
구(군)직영,부산광역시 사상구청,한마음주변,2009000016,사상구 삼락동 411-2,공영,노외,18,35.1837761,128.9791895,269
구(군)직영,부산광역시 사상구청,냉정역4번출구주변,2009000020,사상구 주례2동 24-2,공영,노외,14,35.1543835,129.011131,276
민간위탁,부산광역시 사상구청,엄궁외식1번가주변,2010000003,사상구 농산물시장로 36 ,공영,노상,1,35.1271212,128.9661646,83
구(군)직영,부산광역시 사상구청,감전시장주변,2010000006,사상구 감전동 120-31,공영,노외,8,35.1541079,128.9800713,239
구(군)직영,부산광역시 사상구청,동주윗길2주변,2010000007,사상구 주례3동 544-27,공영,노외,5,35.1452068,129.0006715,165
구(군)직영,부산광역시 사상구청,엄궁목장길주변,2010000011,사상구 엄궁동 186-5,공영,노외,15,35.1253802,128.9724058,79
구(군)직영,부산광역시 사상구청,학진초등학교주변,2010000012,사상구 엄궁동 25-7,공영,노외,11,35.1253802,128.9724058,79
민간위탁,부산광역시 중구청,부산데파트 뒤 노상공영주차장,2007001008,중구 해관로 41-2,공영,노상,76,35.1007705,129.0359646,510
민간위탁,부산광역시 수영구청,민락매립지공영주차장,2007011150,수영구 민락수변로17번길 60 ,공영,노외,128,35.155202,129.1279781,206
민간위탁,부산광역시 수영구청,망미동(번영로하부)공영주차장,2009000009,수영구 망미2동 603-2,공영,노상,95,35.1777091,129.1153579,420
민간위탁,부산광역시 수영구청,광안동(번영로하부)공영주차장,2009000010,수영구 광안3동 1033-2,공영,노상,84,35.1682527,129.1092757,560
민간위탁,부산광역시 수영구청,망미동 노외공영주차장,2012000001,수영구 금련로43번길 43-18 ,공영,노외,171,35.1710862,129.0982012,289
민간위탁,부산광역시 수영구청,광안리해수욕장공영주차장,2009000004,수영구 남천바다로33번길 75 ,공영,노외,54,35.1520963,129.1166778,327
민간위탁,부산광역시 수영구청,남천1동공영주차장,2007001294,수영구 남천1동 568,공영,노상,66,35.14351655,129.1071186,224
민간위탁,부산광역시 사상구청,동신운수옆복개공영주차장,2016000001,사상구 가야대로230번길 3 ,공영,노상,91,35.1486343,128.9975126,251
시설관리공단위탁,부산광역시 사상구청,삼락재첩거리,2016000004,사상구 낙동대로1518번길 26 ,공영,노외,127,35.193004,128.9860303,312
구(군)직영,부산광역시 사상구청,곡상골공원주거지주차장,2016000005,사상구 백양대로979번라길 25 ,공영,노외,5,35.1929345,128.9910066,322
민간위탁,부산광역시 사상구청,학장천공영주차장,2016000007,사상구 학장로 256,공영,노외,90,35.1414663,128.9804634,161
구(군)직영,부산광역시 사상구청,한신1차아파트주변,2007001599,사상구 괘법동 516-56,공영,노외,39,35.1635445,128.9855211,237
민간위탁,부산광역시 사상구청,한국강관주변,2007001158,사상구 학장로135번길 24-9 ,공영,노상,356,35.1464578,128.9831396,227
민간위탁,부산광역시 사상구청,신일금속주변,2007001505,사상구 장인로77번길 116 ,공영,노상,389,35.1457806,128.9784951,213
시설관리공단위탁,부산광역시 사상구청,덕포공영,2008000006,사상구 덕포2동 393-6,공영,노외,128,35.17632385,128.9892648,206
시설관리공단위탁,부산광역시 사상구청,서부터미널,2008000009,사상구 괘법동 572-1,공영,노상,136,35.1635445,128.9855211,237
구(군)직영,부산광역시 사상구청,삼락재첩거리주변,2012000005,사상구 삼락동 54-13,공영,노외,29,35.1837761,128.9791895,269
구(군)직영,부산광역시 사상구청,경남정보대학주변,2013000003,사상구 주례2동 80-2,공영,노외,11,35.1543835,129.011131,276
구(군)직영,부산광역시 사상구청,삼락생태공원주거지,2013000004,사상구 삼락동 419-20,공영,노외,10,35.1837761,128.9791895,269
민간위탁,부산광역시 사상구청,고동바위공영주차장,2013000006,사상구 백양대로907번다길 6 ,공영,노외,41,35.1887922,128.9901097,328
구(군)직영,부산광역시 사상구청,덕포한내마을,2013000007,사상구 덕포1동 422-4,공영,노외,17,35.1695742,128.9875191,255
구(군)직영,부산광역시 사상구청,현대골드빌라주변,2014000005,사상구 사상로277번나길 26 ,공영,노외,22,35.1719835,128.9797793,242
시설관리공단위탁,부산광역시 사상구청,삼락천로 공영주차장,2014000006,사상구 덕포2동 393-2,공영,노외,112,35.17632385,128.9892648,206
구(군)직영,부산광역시 사상구청,안각1길주거지주차장,2014000007,사상구 백양대로907번길 17 ,공영,노외,12,35.1889968,128.9898045,333
민간위탁,부산광역시 사상구청,모라중학교 지하 공영주차장,2019000003,사상구 백양대로 936 ,공영,노외,136,35.1710438,128.9880845,249
민간위탁,부산광역시 사상구청,감전역역세권공영주차장,2019000004,사상구 새벽시장로 135 ,공영,노외,215,35.154738,128.9829669,255
민간위탁,부산광역시 사상구청,덕포백양공원공영주차장,2015000001,사상구 백양대로762번길 17 ,공영,노외,50,35.1735559,128.989002,237
구(군)직영,부산광역시 사상구청,늘푸른사상,2015000002,사상구 백양대로979번가길 14 ,공영,노외,10,35.1926588,128.9921376,313
민간위탁,부산광역시 사상구청,감전시장주변,2007001085,사상구 괘감로 132 ,공영,노상,111,35.1562732,128.988958,251
민간위탁,부산광역시 사상구청,주례역공영주차장,2015000003,사상구 가야대로 288 ,공영,노상,22,35.1520765,128.9737186,142
민간위탁,부산광역시 사상구청,주례오거리공영주차장,2015000004,사상구 가야대로255번길 1 ,공영,노상,95,35.1509,129.0007387,232
민간위탁,부산광역시 사상구청,양지2공원주변,2007011018,사상구 양지로 18 ,공영,노외,74,35.1537583,129.0042925,228
민간위탁,부산광역시 사상구청,사상초등학교주변,2007001339,사상구 운산로 81,공영,노상,33,35.1686077,128.9803501,248
구(군)직영,부산광역시 사상구청,남산길주변,2007001789,사상구 엄궁동 192,공영,노외,15,35.1253802,128.9724058,79
민간위탁,부산광역시 사상구청,사상전화국주변,2007001459,사상구 가야대로176번길 53 ,공영,노상,271,35.1470895,128.9911612,213
민간위탁,부산광역시 사상구청,파라곤호텔주변,2007001087,사상구 광장로 34 ,공영,노상,34,35.1626277,128.9807519,218
시설관리공단위탁,부산광역시 사상구청,사상역광장,2007001793,사상구 괘법동 572-1,공영,노외,360,35.1635445,128.9855211,237
구(군)직영,부산광역시 강서구청,유통단지1로40번길 공영주차장,2018000005,강서구 유통단지1로40번길 50 ,공영,노외,49,35.1709932,128.9544306,121
민간위탁,부산광역시 연제구청,거제시장 제2공동주차장,2009000023,연제구 거제3동 457-35,공영,노외,8,35.1827269,129.0715226,463
민간위탁,부산광역시 연제구청,고분로 제1공동주차장,2011000002,연제구 연산8동 372-9,공영,노외,13,35.1864631,129.0973952,289
민간위탁,부산광역시 연제구청,고분로 제2공동주차장,2011000008,연제구 연산8동 1028-2,공영,노외,18,35.1864631,129.0973952,289
민간위탁,부산광역시 연제구청,토현공동 주거지전용주차장,2007011235,연제구 연산9동 486-32,공영,노외,7,35.1840161,129.1064741,277
민간위탁,부산광역시 연제구청,연미공영노외주차장,2009000003,연제구 연산6동 2122-12,공영,노외,24,35.1691948,129.0851411,170
민간위탁,부산광역시 연제구청,연산시장 공동주차장,2009000004,연제구 연산2동 778-10,공영,노외,9,35.1698432,129.0826993,188
민간위탁,부산광역시 연제구청,새싹공동주차장,2009000005,연제구 연산5동 1293-13,공영,노외,11,35.18483425,129.0787721,525
민간위탁,부산광역시 연제구청,연천공동주차장,2009000006,연제구 연산8동 294-5,공영,노외,24,35.1864631,129.0973952,289
민간위탁,부산광역시 연제구청,과정공영주차장,2016000001,연제구 연산8동 1062-1,공영,노외,53,35.1864631,129.0973952,289
민간위탁,부산광역시 연제구청,토현제2공동 주거지전용주차장,2007011234,연제구 연산9동 492-9,공영,노외,8,35.1840161,129.1064741,277
민간위탁,부산광역시 연제구청,관사로공동 주거지전용주차장,2007011176,연제구 연산5동 1306-4,공영,노외,5,35.18483425,129.0787721,525
민간위탁,부산광역시 연제구청,연일공동주차장,2019000001,연제구 고분로20번길 20-6,공영,노외,23,35.1851582,129.084554,434
민간위탁,부산광역시 연제구청,황금로 공영주차장,2020000001,연제구 금련로42번길 16 ,공영,노외,56,35.1704348,129.0950775,249
민간위탁,부산광역시 연제구청,태경선샤인아파트앞 공영주차장,2007001488,연제구 거제1동 120-6,공영,노상,24,35.1935836,129.078405,408
민간위탁,부산광역시 연제구청,시티타워뒤 공영주차장,2007001059,연제구 연산5동 1123-1  ,공영,노상,11,35.1792094,129.0759465,509
민간위탁,부산광역시 연제구청,연잎공동 주거지전용주차장,2007011236,연제구 연산9동 474-14,공영,노외,8,35.1840161,129.1064741,277
민간위탁,부산광역시 연제구청,신리공동 주거지전용주차장,2007011215,연제구 연산2동 811-9,공영,노외,20,35.1698432,129.0826993,188
민간위탁,부산광역시 연제구청,연제중앙천복개로 공영주차장,2007001263,연제구 연산2동 790-1  ,공영,노상,33,35.1698432,129.0826993,188
민간위탁,부산광역시 연제구청,한양아파트앞 공영주차장,2007001164,연제구 연산9동 419-1  ,공영,노상,70,35.1840161,129.1064741,277
민간위탁,부산광역시 연제구청,거제시장 제1공동주차장,2009000022,연제구 거제3동 486-8,공영,노외,11,35.1827269,129.0715226,463
민간위탁,부산광역시 연제구청,연일시장 공동주차장,2010000004,연제구 연산4동 768-6,공영,노외,20,35.1855775,129.0846481,427
민간위탁,부산광역시 수영구청,민락수변공원 공영주차장,2015000001,수영구 민락동 110-7,공영,노상,43,35.1585693,129.127121,285
민간위탁,부산광역시 수영구청,민락해변공원공영주차장,2015000002,수영구 민락동 181-78,공영,노상,26,35.1585693,129.127121,285
민간위탁,부산광역시 금정구청,서3동제4공영주차장,2013000003,금정구 서3동 190-48,공영,노외,25,35.2213383,129.1050871,395
민간위탁,부산광역시 금정구청,금사동제2공영주차장,2013000004,금정구 금사회동동 388-12,공영,노외,32,35.224064,129.1135607,284
민간위탁,부산광역시 금정구청,서1동제4공영주차장,2014000001,금정구 서1동 502-1,공영,노외,31,35.21809715,129.0981985,439
민간위탁,부산광역시 금정구청,구서1동공영주차장,2015000001,금정구 구서1동 87-50,공영,노외,43,35.2499326,129.0766857,53
민간위탁,부산광역시 금정구청,서3동제5공영주차장,2016000001,금정구 서3동 40-3,공영,노외,33,35.2213383,129.1050871,395
민간위탁,부산광역시 금정구청,서동미로시장 공영주차장,2020000001,금정구 서부로16번길 13-6 ,공영,노외,145,35.2158711,129.1041084,455
민간위탁,부산광역시 금정구청,두실공영주차장,2007010011,금정구 구서2동 1052,공영,노외,66,35.25683665,129.080217,113
민간위탁,부산광역시 금정구청,금샘로 노상공영주차장,2007001227,금정구 남산동 970-1,공영,노상,334,35.2680875,129.0897851,219
민간위탁,부산광역시 금정구청,회동고가 밑,2007001511,금정구 금사회동동 158-10,공영,노상,140,35.224064,129.1135607,284
민간위탁,부산광역시 금정구청,부곡3동 SK후문 노상공영주차장,2007001021,금정구 부곡3동 63-11,공영,노상,28,35.2397112,129.1098856,17
민간위탁,부산광역시 금정구청,금사고가밑,2007001509,금정구 금사회동동 547-3,공영,노외,101,35.224064,129.1135607,284
민간위탁,부산광역시 금정구청,서3동제2공영주차장,2007010006,금정구 서3동 410-1,공영,노외,29,35.2213383,129.1050871,395
민간위탁,부산광역시 금정구청,기찰1로소규모공동주차장,2007011443,금정구 부곡2동 232-18,공영,노외,31,35.2300149,129.0959009,249
민간위탁,부산광역시 금정구청,서3동 제1공영주차장,2007010005,금정구 서3동 37-7,공영,노외,43,35.2213383,129.1050871,395
민간위탁,부산광역시 금정구청,부곡4동공영주차장,2007011300,금정구 부곡4동 768-39,공영,노외,32,35.21886655,129.090586,379
민간위탁,부산광역시 금정구청,서1동제1공영주차장,2007010001,금정구 서1동 161-26,공영,노외,331,35.21809715,129.0981985,439
민간위탁,부산광역시 금정구청,안뜰로소규모공동주차장,2007011109,금정구 구서2동 178-21,공영,노외,20,35.25683665,129.080217,113
민간위탁,부산광역시 금정구청,부곡2동공영주차장,2007010008,금정구 부곡2동 294-20,공영,노외,78,35.2300149,129.0959009,249
민간위탁,부산광역시 금정구청,금사동 소규모공동주차장,2007011171,금정구 금사회동동 50-10,공영,노외,18,35.224064,129.1135607,284
민간위탁,부산광역시 금정구청,남산동꽃님공영주차장,2007010010,금정구 남산동 967-1,공영,노외,46,35.2680875,129.0897851,219
시설관리공단위탁,부산광역시 금정구청,도시철도 장전역,2007011207,금정구 부곡3동 242,공영,노외,192,35.24570745,129.1158562,0
시설관리공단위탁,부산광역시 금정구청,도시철도구서역,2007011184,금정구 구서1동 475,공영,노외,279,35.2499326,129.0766857,53
민간위탁,부산광역시 금정구청,회동동 노상공영주차장,2007001312,금정구 금사회동동 209-5,공영,노상,79,35.224064,129.1135607,284
시설관리공단위탁,부산광역시 금정구청,도시철도 노포역,2007011298,금정구 청룡노포동 133,공영,노외,394,35.273102,129.092668,178
민간위탁,부산광역시 금정구청,남산동금정농협앞 노상공영주차장,2009000001,금정구 남산동 320-19,공영,노상,13,35.2680875,129.0897851,219
구(군)직영,부산광역시 강서구청,명지오션시티 중앙상가로 공영주차장,2012000001,강서구  3282,공영,노상,75,37.5509,126.8497,548
민간위탁,부산광역시 강서구청,명지시장공영주차장,2016000001,강서구 신포길17번길 8 ,공영,노외,15,35.1129385,128.931576,252
민간위탁,부산광역시 강서구청,명지I.C공영주차장,2008001022,강서구  1-395,공영,노상,36,37.5509,126.8497,548
구(군)직영,부산광역시 강서구청,녹산산단 공영주차장,2008001024,강서구 녹산산단262로50번길 53 ,공영,노외,144,35.0844989,128.8427711,104
구(군)직영,부산광역시 강서구청,대항공영주차장,2014000001,강서구 가덕해안로 1187 ,공영,노외,89,35.0226088,128.8228787,17
구(군)직영,부산광역시 강서구청,행복마을 공영주차장,2018000002,강서구 명지오션시티10로 132 ,공영,노외,16,35.086657,128.9007962,196
구(군)직영,부산광역시 강서구청,지양곡 공영주차장,2018000001,강서구 가덕해안로 1001,공영,노외,99,35.0226088,128.8228787,17
민간위탁,부산광역시 사하구청,신평패션칼라산업단지 노상,2013000002,사하구 신산로 11 ,공영,노상,94,35.0900318,128.9660398,98
민간위탁,부산광역시 사하구청,하단1동 유수지 공영주차장,2013000003,사하구 하신번영로 243,공영,노외,46,35.0890192,128.9602192,88
민간위탁,부산광역시 사하구청,동주마루 공영주차장,2013000004,사하구 괴정2동 378-57  ,공영,노외,48,35.1074187,129.0038335,133
민간위탁,부산광역시 사하구청,신평골목시장 노상공영주차장,2014000002,사하구 신평1동 33-166,공영,노상,0,35.0912277,128.9764822,111
민간위탁,부산광역시 사하구청,신평골목시장 공영주차장,2018000003,사하구 다대로116번길 13,공영,노외,43,35.0924128,128.9776901,127
민간위탁,부산광역시 사하구청,장림포구 공영주차장,2019000003,사하구 장림로93번길 72,공영,노상,98,35.07918995,128.9516513,45
민간위탁,부산광역시 사하구청,회화나무 공영주차장,2015000001,사하구 괴정로 283-1,공영,노외,62,35.0968144,128.9890529,212
민간위탁,부산광역시 사하구청,다대포해변공원 공영주차장,2015000002,사하구 다대1동 482-3 ,공영,노외,386,35.0524457,128.9695044,85
민간위탁,부산광역시 사하구청,감천1동 공영주차장,2019000004,사하구 감천로 99,공영,노외,105,35.0909952,128.9968547,130
민간위탁,부산광역시 사하구청,에코팩토리 존 노상공영주차장,2019000005,사하구 신산로 11 ,공영,노상,42,35.0900318,128.9660398,98
민간위탁,부산광역시 사하구청,장림공영주차장,2007011045,사하구 장림1동 328-4,공영,노외,56,35.07626365,128.959863,71
구(군)직영,부산광역시 사하구청,다대포해수욕장(간이),2007011151,사하구 다대1동 482-3,공영,노외,148,35.0524457,128.9695044,85
민간위탁,부산광역시 사하구청,장림복합공영주차장,2007011031,사하구 장림1동 1144-1,공영,노외,236,35.07626365,128.959863,71
시설관리공단위탁,부산광역시 사하구청,도시철도 하단역 공영주차장,2009000025,사하구 하단1동 599,공영,노외,151,35.10215935,128.9642465,107
민간위탁,부산광역시 사하구청,괴정2동 대성아파트주변,2010000001,사하구 괴정2동 193-25,공영,노외,16,35.1074187,129.0038335,133
민간위탁,부산광역시 사하구청,괴정3동 삼성연립앞 소규모,2010000002,사하구 괴정3동 455-2,공영,노외,22,35.1017472,128.9843469,193
민간위탁,부산광역시 사하구청,다대2동공영주차장,2010000004,사하구 다대2동 1588,공영,노외,66,35.05749795,128.9914407,29
민간위탁,부산광역시 금정구청,가마실로소규모공동주차장,2009000004,금정구 부곡1동 308-7,공영,노외,16,35.2258462,129.0889665,344
민간위탁,부산광역시 금정구청,금양13로 소규모공동주차장,2009000003,금정구 부곡2동 336-17,공영,노외,19,35.2300149,129.0959009,249
시설관리공단위탁,부산광역시 금정구청,도시철도 부산대역(북측),2007011088,금정구 장전1동 399,공영,노외,249,35.24131855,129.0755073,83
민간위탁,부산광역시 금정구청,부곡4동삼차로공영주차장,2018000002,금정구 서동로72번길 22-1 ,공영,노외,70,35.217382,129.0948974,421
민간위탁,부산광역시 금정구청,온천천복개도로(옛냇길)노상공영,2007001157,금정구 남산동 18-2,공영,노상,88,35.2680875,129.0897851,219
시설관리공단위탁,부산광역시 금정구청,도시철도 부산대역(남측),2007011338,금정구 부곡2동 441-27,공영,노외,233,35.2300149,129.0959009,249
민간위탁,부산광역시 금정구청,서1동제2공영주차장,2007010002,금정구 서1동 509-2,공영,노외,87,35.21809715,129.0981985,439
민간위탁,부산광역시 금정구청,서2동공영주차장,2007011301,금정구 서2동 200-3,공영,노외,73,35.21272955,129.104727,447
시설관리공단위탁,부산광역시 금정구청,도시철도 남산역,2007011110,금정구 남산동 893-8,공영,노외,210,35.2680875,129.0897851,219
민간위탁,부산광역시 금정구청,금사동 제1 공영주차장,2007010007,금정구 금사회동동 527-3,공영,노외,49,35.224064,129.1135607,284
민간위탁,부산광역시 금정구청,온천장북측공영주차장,2007011362,동래구 온천1동 896-3,공영,노외,185,35.2186119,129.0764933,251
민간위탁,부산광역시 금정구청,구서IC 화물,2008000003,금정구 구서1동 481-3,공영,노외,84,35.2499326,129.0766857,53
구(군)직영,부산광역시 금정구청,범어사상마공영주차장,2013000001,금정구 청룡노포동 435-19 ,공영,노외,115,35.28760685,129.0777008,12
민간위탁,부산광역시 금정구청,서3동제3공영주차장,2013000002,금정구 서3동 167-2,공영,노외,22,35.2213383,129.1050871,395
민간위탁,부산광역시 사하구청,청라어린이집주변,2010000005,사하구 당리동 311-7,공영,노외,15,35.1071561,128.9768898,132
민간위탁,부산광역시 사하구청,하단2동에덴시장주변,2011000001,사하구 하단2동 487-11,공영,노외,24,35.1160084,128.9586752,26
민간위탁,부산광역시 사하구청,장림동 동원로얄듀크아파트 노상공영주차장,2012000001,사하구 장림1동 875-4,공영,노상,62,35.07626365,128.959863,71
민간위탁,부산광역시 사하구청,신평2동노상복합공영주차장,2012000002,사하구 신평2동 370-16,공영,노상,170,35.09058075,128.9594064,71
민간위탁,부산광역시 사하구청,장림2동 노상공영주차장,2012000003,사하구 장림2동 569-1,공영,노상,86,35.0753733,128.9766232,54
민간위탁,부산광역시 사하구청,신평장림산업단지 공영주차장,2008000003,사하구 신평1동 545-2,공영,노외,140,35.0912277,128.9764822,111
민간위탁,부산광역시 사하구청,신평1동 천수내과주변 소규모 공동주차장,2008000004,사하구 신평1동 146-31,공영,노외,16,35.0912277,128.9764822,111
민간위탁,부산광역시 사하구청,지하철신평역앞,2007004042,사하구 신평2동 665,공영,노상,62,35.09058075,128.9594064,71
구(군)직영,부산광역시 사하구청,방파제입구,2008000005,사하구 구평동 472-15,공영,노상,87,35.0715931,128.9902532,18
민간위탁,부산광역시 사하구청,감천1동 부일외고진입로변,2009000005,사하구 감천1동 716-3,공영,노외,18,35.0866542,129.0042502,98
민간위탁,부산광역시 사하구청,괴정천복개로(당리동),2009000007,사하구 당리동 333 ,공영,노상,89,35.1071561,128.9768898,132
민간위탁,부산광역시 사하구청,괴정천복개로(하단동),2009000008,사하구 하단1동 870-6  ,공영,노상,133,35.10215935,128.9642465,107
구(군)직영,부산광역시 사하구청,감천1동천마산산복도로,2009000011,사하구 감천1동 48-3,공영,노상,128,35.0866542,129.0042502,98
민간위탁,부산광역시 사하구청,당리동 소규모공동,2009000014,사하구 당리동 78-1,공영,노외,20,35.1071561,128.9768898,132
민간위탁,부산광역시 사하구청,신평1동 백남탕옆 소규모공동주차장,2009000015,사하구 신평1동 84-11,공영,노외,20,35.0912277,128.9764822,111
민간위탁,부산광역시 사하구청,산수탕옆 소규모공동주차장,2009000017,사하구 괴정2동 190-12,공영,노외,17,35.1074187,129.0038335,133
민간위탁,부산광역시 사하구청,감천2동 공영주차장,2009000022,사하구 감천2동 12,공영,노외,40,35.0947487,129.0087613,88
구(군)직영,부산광역시 사하구청,다대3지구 시간제노상주차장,2009000024,사하구 다대2동 113-21,공영,노상,80,35.05749795,128.9914407,29
민간위탁,부산광역시 사하구청,하단5일상설시장 노상공영주차장,2016000001,사하구 하단1동 621,공영,노상,42,35.10215935,128.9642465,107
민간위탁,부산광역시 사하구청,을숙도공영주차장,2016000002,사하구 하단2동 1149-29,공영,노외,340,35.1160084,128.9586752,26
민간위탁,부산광역시 사하구청,감천문화마을 공영주차장,2017000001,사하구 감천2동 18-3,공영,노외,32,35.0947487,129.0087613,88
민간운영,부산광역시 사하구청,을숙도 공영주차장 전기자동차 충전시설,2017000002,사하구 하단2동 1149-29,공영,노외,2,35.1160084,128.9586752,26
민간위탁,부산광역시 사하구청,신평골목시장 노외 공영주차장,2017000003,사하구 다대로116번길 13 ,공영,노외,0,35.0924128,128.9776901,127
민간위탁,부산광역시 사하구청,사릿골 공영주차장,2018000001,사하구 괴정3동 237-11,공영,노외,27,35.1017472,128.9843469,193
민간위탁,부산광역시 사하구청,장림 노외 공영주차장,2018000002,사하구 장림1동 853-10 ,공영,노외,54,35.07626365,128.959863,71
민간위탁,부산광역시 사하구청,화천아파트뒤,2007004113,사하구 장림1동 662-6,공영,노상,45,35.07626365,128.959863,71
민간위탁,부산광역시 사하구청,사하구청앞,2007004218,사하구 당리동 317-100,공영,노상,29,35.1071561,128.9768898,132
민간위탁,부산광역시 사하구청,을숙도공영주차장,2007011093,사하구 하단2동 1151-14,공영,노외,0,35.1160084,128.9586752,26
구(군)직영,부산광역시 사하구청,다대포해수욕장,2007011152,사하구 다대1동 482-3,공영,노외,0,35.0524457,128.9695044,85
민간위탁,부산광역시 사하구청,감정초교지하,2007011112,사하구 감천2동 10-2,공영,노외,79,35.0947487,129.0087613,88
민간위탁,부산광역시 사하구청,다대1동 초롱공원 공영주차장,2013000001,사하구 다대동로 31 ,공영,노외,50,35.0574206,128.973153,93
민간위탁,부산광역시 북구청,(20구역)소규모(덕성노인대학뒤),2016000007,북구 만덕대로77번길 21 ,공영,노외,32,35.2144693,129.0132438,287
민간위탁,부산광역시 북구청,덕천3동 공영주차장,2016000008,북구 덕천3동 139-5,공영,노외,126,35.20708695,129.0183517,188
민간위탁,부산광역시 북구청,(18구역)소규모공동주차장,2017000001,북구 시랑로21번길 73 ,공영,노외,13,35.2041208,129.0078731,352
민간위탁,부산광역시 북구청,덕천 공영주차장,2007011264,북구 덕천1동 457-35,공영,노외,112,35.21708295,129.017706,214
민간위탁,부산광역시 북구청,신만덕사거리 공영주차장,2007011114,북구 만덕2동 872-1,공영,노외,18,35.20337965,129.0384222,138
민간위탁,부산광역시 북구청,만덕2동사 앞,2007011209,북구 만덕1동 783-4,공영,노외,76,35.2203735,129.0400983,50
민간위탁,부산광역시 북구청,구포대교밑,2007001674,북구 구포2동 1052-12,공영,노상,77,35.2047812,128.9986364,302
시설관리공단위탁,부산광역시 해운대구청,"반송1,3동 공영주차장",2019000011,해운대구 반송순환로 100-6,공영,노외,153,35.224356,129.1521843,163
시설관리공단위탁,부산광역시 해운대구청,동백사거리 공영주차장,2019000006,해운대구 마린시티1로 178 ,공영,노외,40,35.1569667,129.1492429,128
시설관리공단위탁,부산광역시 해운대구청,반여2배수지 공영주차장,2019000014,해운대구 재반로212번길 60 ,공영,노외,111,35.1973407,129.1315055,170
민간위탁,부산광역시 남구청,문현교통광장대상지 주거지전용,2009000013,남구 문현4동 840-3,공영,노외,0,35.1319524,129.068908,306
민간위탁,부산광역시 남구청,용호중앙교회앞 공영주차장,2009000006,남구 용호1동 409-25,공영,노외,14,35.1258612,129.1090482,187
민간위탁,부산광역시 남구청,수영로69번길 공영주차장,2009000005,남구 문현3동 262-2,공영,노외,16,35.13862215,129.0724912,389
민간위탁,부산광역시 남구청,백세교 주거지전용주차장,2016000001,남구 용호2동 869,공영,노외,29,35.10766395,129.1194528,80
민간위탁,부산광역시 북구청,경혜길 공영주차장,2013000001,북구 구포1동 1204-32,공영,노외,65,35.20544135,129.0060468,358
민간위탁,부산광역시 북구청,구포동 1013-15(17구역),2014000005,북구 구포2동 1013-15,공영,노외,11,35.2047812,128.9986364,302
민간위탁,부산광역시 북구청,만덕2동 886-23(21구역),2014000010,북구 만덕2동 886-23,공영,노외,5,35.20337965,129.0384222,138
민간위탁,부산광역시 북구청,만덕2동 348(22구역),2014000011,북구 만덕2동 348,공영,노외,12,35.20337965,129.0384222,138
민간위탁,부산광역시 북구청,만덕3동 231-9(6구역),2014000012,북구 만덕3동 231-9,공영,노외,4,35.20344485,129.0260599,73
민간위탁,부산광역시 북구청,숙등공원 공영주차장,2007011222,북구 의성로115번길 71,공영,노외,42,35.2120107,129.0186896,198
구(군)직영,부산광역시 북구청,북구문화빙상센터,2007011251,북구 금곡대로46번길 50,공영,노외,176,35.2143446,129.0056348,276
구(군)직영,부산광역시 북구청,만덕1동시간제 주차장,2014000014,북구 만덕1로 12,공영,노상,13,35.21429,129.03137,176
민간위탁,부산광역시 북구청,모분재 공영주차장,2015000001,북구 구포3동 848,공영,노외,78,35.1957198,129.0139414,119
민간위탁,부산광역시 북구청,시랑공원,2016000001,북구 구포3동 1214-39,공영,노외,28,35.1957198,129.0139414,119
구(군)직영,부산광역시 북구청,대천천마을공동주차장,2016000002,북구 화명2동 174,공영,노외,73,35.24716655,129.0322482,12
민간위탁,부산광역시 북구청,구포축산물도매시장,2018000001,북구 사상로583번길 13 ,공영,노외,44,35.1962901,128.9893938,286
민간위탁,부산광역시 북구청,만덕동심공원,2020000001,북구 덕천로 322 ,공영,노외,32,35.2090457,129.0414034,168
민간위탁,부산광역시 북구청,만덕1동,2020000004,북구 만덕1로 65 ,공영,노외,50,35.21429,129.03137,176
시설관리공단위탁,부산광역시 북구청,국철 화명역 공영주차장,2019000001,북구 학사로 145,공영,노외,38,35.2248365,129.0066949,130
민간위탁,부산광역시 북구청,덕천2동 공영주차장,2018000002,북구 만덕대로27번길 34,공영,노외,16,35.2146813,129.0074303,271
민간위탁,부산광역시 북구청,화명 공영주차장,2007011263,북구 화명2동 2126,공영,노외,37,35.24716655,129.0322482,12
민간위탁,부산광역시 북구청,삼성 공영주차장,2007011210,북구 만덕1동 783-4,공영,노외,31,35.2203735,129.0400983,50
민간위탁,부산광역시 북구청,동원 공영주차장,2007011120,북구 만덕3동 934,공영,노외,63,35.20344485,129.0260599,73
구(군)직영,부산광역시 북구청,북구청 직원주차장,2007011073,북구 구포2동 1190,공영,노외,131,35.2047812,128.9986364,302
민간위탁,부산광역시 북구청,도시철도 구남역,2007011024,북구 구포2동 896,공영,노외,125,35.2047812,128.9986364,302
민간위탁,부산광역시 북구청,소규모공동주차장(22구역),2010000004,북구 구포3동 1220-24,공영,노외,8,35.1957198,129.0139414,119
민간위탁,부산광역시 북구청,소규모(경로당)공동주차장(23구역),2010000005,북구 구포3동 1239-48,공영,노외,12,35.1957198,129.0139414,119
민간위탁,부산광역시 북구청,소규모(진산빌라)공동주차장(24구역),2010000006,북구 구포3동 1221-23,공영,노외,4,35.1957198,129.0139414,119
민간위탁,부산광역시 북구청,소규모(대흥빌라)공동주차장(25구역),2010000007,북구 구포3동 1229-28,공영,노외,5,35.1957198,129.0139414,119
민간위탁,부산광역시 북구청,행복마을공영주차장,2011000001,북구 구포2동 1083-3 ,공영,노외,31,35.2033975,128.9999002,332
민간위탁,부산광역시 북구청,구포시장고객전용공영주차장,2011000002,북구 구포1동 596-13,공영,노외,79,35.20544135,129.0060468,358
민간위탁,부산광역시 북구청,만덕3동공영주차장,2012000001,북구 만덕3동 913-2,공영,노외,15,35.20344485,129.0260599,73
민간위탁,부산광역시 북구청,낙동 공영주차장,2007011075,북구 구포2동 1190,공영,노외,46,35.2047812,128.9986364,302
민간위탁,부산광역시 북구청,금곡 역세권 공영주차장,2007011288,북구 금곡동 520-1  ,공영,노외,32,35.2585765,129.0138853,64
민간위탁,부산광역시 북구청,구포3동 공영주차장,2007011220,북구 시랑로 166,공영,노외,81,35.200837,129.005531,296
민간위탁,부산광역시 북구청,구포대교하부 공영주차장,2009000002,북구 구포2동 1067-15  ,공영,노외,21,35.2047812,128.9986364,302
구(군)직영,부산광역시 북구청,(7구역)소규모공동,2016000006,북구 화명신도시로 228,공영,노외,37,35.2310769,129.0101861,179
민간위탁,부산광역시 부산진구청,네오스포밑,2008011647,부산진구 부전2동 560-5,공영,노상,38,35.1538771,129.0575931,562
민간위탁,부산광역시 부산진구청,부전복개도로,2008011648,부산진구 부전2동 575,공영,노상,20,35.1538771,129.0575931,562
민간위탁,부산광역시 부산진구청,적십자회관,2008011649,부산진구 전포2동 865,공영,노상,51,35.16434005,129.0712629,265
민간위탁,부산광역시 부산진구청,평화시장,2009000008,부산진구 범천1동 839-4,공영,노상,23,35.1464909,129.0602635,475
시설관리공단위탁,부산광역시 동래구청,도시철도 온천장역,2008000002,동래구 명륜동 1750-1,공영,노외,212,35.2106872,129.0816077,360
시설관리공단위탁,부산광역시 동래구청,도시철도 동래역,2007011238,동래구 명륜동 549-3,공영,노외,400,35.2106872,129.0816077,360
시설관리공단위탁,부산광역시 동래구청,도시철도명륜역,2007011236,동래구 명륜동 721-2,공영,노외,187,35.2106872,129.0816077,360
민간위탁,부산광역시 동래구청,수안동 주차빌딩,2007011013,동래구 수민동 3-3,공영,노외,78,35.19833375,129.0879724,373
구(군)직영,부산광역시 동래구청,안락1동 소규모공영주차장,2007011227,동래구 안락1동 443-34,공영,노외,15,35.194162,129.0978046,378
시설관리공단위탁,부산광역시 동래구청,수안동 주차빌딩,2019000002,동래구 충렬대로218번길 15 ,공영,노외,78,35.2006732,129.0832453,348
구(군)직영,부산광역시 동래구청,여고로 소규모공영주차장,2014000001,동래구 사직3동 149-21,공영,노외,16,35.1987633,129.0706641,452
구(군)직영,부산광역시 동래구청,달북 소규모공영주차장,2007011248,동래구 온천3동 1629-3,공영,노외,14,35.20652405,129.0633478,306
민간위탁,부산광역시 동래구청,금강공원공영주차장,2007011337,동래구 온천1동 102-10,공영,노외,190,35.2186119,129.0764933,251
민간위탁,부산광역시 동래구청,새동래3차아파트앞,2009000004,동래구 수민동 39-27 ,공영,노상,72,35.19833375,129.0879724,373
민간위탁,부산광역시 동래구청,사적공원 공영주차장,2009000002,동래구 명륜동 146,공영,노외,242,35.2106872,129.0816077,360
민간위탁,부산광역시 동래구청,동래시장공영주차장,2012000001,동래구 복산동 241,공영,노외,36,35.2049299,129.0878408,316
구(군)직영,부산광역시 동래구청,사직3동 소규모공영주차장,2010000003,동래구 사직3동 122-14  ,공영,노외,11,35.1987633,129.0706641,452
민간위탁,부산광역시 남구청,당산로 공영주차장,2015000003,남구 당산로 67 ,공영,노외,18,35.1254652,129.0777106,257
민간위탁,부산광역시 남구청,대연1동 공영주차장,2007001438,남구 대연1동 1750-7,공영,노외,-41,35.13272845,129.0932094,398
구(군)직영,부산광역시 남구청,오륙도 수변공원 공영주차장,2017000001,남구 용호2동 196-4,공영,노외,13,35.10766395,129.1194528,80
민간위탁,부산광역시 남구청,이기대제2공영주차장,2018000001,남구 용호3동 15-15,공영,노외,67,35.1248162,129.1183445,125
민간위탁,부산광역시 남구청,이기대제1공영주차장,2018000002,남구 용호3동 16-1,공영,노외,84,35.1248162,129.1183445,125
민간위탁,부산광역시 남구청,스카이워크공영주차장,2015000005,남구 용호2동 950,공영,노외,45,35.10766395,129.1194528,80
민간위탁,부산광역시 남구청,대연천 구거복개지,2014000001,남구 대연3동 1635-55,공영,노외,7,35.1380228,129.1030632,278
민간위탁,부산광역시 남구청,동명로157번길 공영주차장,2014000010,남구 용호3동 373-15,공영,노외,23,35.1248162,129.1183445,125
민간위탁,부산광역시 남구청,용호로232번길 공영주차장,2014000011,남구 용호4동 536-1,공영,노외,28,35.10410975,129.1082661,51
민간위탁,부산광역시 남구청,감만동 홍곡로 공영주차장,2015000002,남구 홍곡로 116,공영,노외,18,35.1169842,129.0863616,149
민간위탁,부산광역시 남구청,용호초등학교뒤 공영주차장,2008000006,남구 용호1동 66-3,공영,노외,19,35.1258612,129.1090482,187
민간위탁,부산광역시 남구청,진남로232번길 공영주차장,2008000005,남구 문현1동 53-11,공영,노외,28,35.14658915,129.0775212,284
민간위탁,부산광역시 남구청,대연고가도로 밑,2007011003,남구 대연3동 621-1,공영,노상,49,35.14302975,129.0985112,211
민간위탁,부산광역시 남구청,"이기대제1,제2공영주차장",2015000007,남구 용호3동 15-15,공영,노외,151,35.1248162,129.1183445,125
민간위탁,부산광역시 남구청,백운포체육공원앞공영주차장,2015000006,남구 용호4동 895-5,공영,노상,155,35.10410975,129.1082661,51
민간위탁,부산광역시 남구청,동명로118번길 공영주차장,2010000008,남구 용호4동 485-16,공영,노외,20,35.10410975,129.1082661,51
민간위탁,부산광역시 남구청,제2문현교통광장 대상지,2014000018,남구 문현4동 843-1,공영,노외,24,35.1319524,129.068908,306
구(군)직영,부산광역시 부산진구청,백양순환로 시간제 노상주차장,2010000007,부산진구 당감4동 649-34  ,공영,노상,59,35.1715941,129.0285127,58
구(군)직영,부산광역시 부산진구청,테마공원로 시간제 노상주차장,2010000008,부산진구 개금3동 60-1,공영,노상,34,35.15948745,129.021564,202
민간위탁,부산광역시 부산진구청,가남공영(주거지전용)주차장,2010000013,부산진구 가야1동 8-6,공영,노외,71,35.14598655,129.034164,181
민간위탁,부산광역시 부산진구청,범천4동 소규모공동주차장,2010000014,부산진구 범천2동 1127-9,공영,노외,11,35.14895515,129.0491135,306
민간위탁,부산광역시 부산진구청,금호천지맨션 뒤,2010000015,부산진구 부암3동 411-3,공영,노외,7,35.17464865,129.0347596,68
민간위탁,부산광역시 부산진구청,큰별유치원 뒤,2010000016,부산진구 개금3동 419-7,공영,노외,13,35.15948745,129.021564,202
민간위탁,부산광역시 부산진구청,우드빌 앞,2010000017,부산진구 개금3동 1-3,공영,노외,0,35.15948745,129.021564,202
민간위탁,부산광역시 부산진구청,서면교회옆,2011000001,부산진구 당감2동 93-17,공영,노외,19,35.15891935,129.0419288,319
민간위탁,부산광역시 부산진구청,전포로,2011000002,부산진구 전포2동 588-7,공영,노외,35,35.16434005,129.0712629,265
민간위탁,부산광역시 부산진구청,부암로타리,2016000001,부산진구 부암1동 17-1,공영,노상,27,35.16375735,129.0490284,387
민간위탁,부산광역시 부산진구청,개성동천,2016000003,부산진구 부전2동 673,공영,노외,48,35.1538771,129.0575931,562
민간위탁,부산광역시 부산진구청,가야중복도로 공영주차장,2018000001,부산진구 가야2동 656-32,공영,노상,163,35.1454684,129.0263261,287
민간위탁,부산광역시 부산진구청,전포동 서전로,2018000003,부산진구 전포대로 217 ,공영,노상,12,35.1567898,129.0652592,518
민간위탁,부산광역시 부산진구청,경남공고 뒤,2018000004,부산진구 전포1동 870-1,공영,노상,27,35.1543182,129.0711925,337
민간위탁,부산광역시 부산진구청,신천지주유소 옆 공영주차장,2018000005,부산진구 당감2동 883-1,공영,노상,30,35.15891935,129.0419288,319
민간위탁,부산광역시 부산진구청,신부산빌딩 앞 공영주차장,2018000006,부산진구 범천1동 839-5,공영,노상,28,35.1464909,129.0602635,475
민간위탁,부산광역시 부산진구청,가야공원진입로,2014000001,부산진구 가야2동 501-7,공영,노상,41,35.1454684,129.0263261,287
민간위탁,부산광역시 부산진구청,신부산빌딩앞,2014000002,부산진구 범천1동 839-32,공영,노상,28,35.1464909,129.0602635,475
민간위탁,부산광역시 부산진구청,신천지주유소옆,2014000003,부산진구 당감2동 883-1,공영,노상,30,35.15891935,129.0419288,319
민간위탁,부산광역시 부산진구청,범천동신암로,2014000005,부산진구 범천2동 1234-36,공영,노상,172,35.14895515,129.0491135,306
민간위탁,부산광역시 부산진구청,범천1동 주민센터앞,2014000006,부산진구 범천1동 946-18,공영,노상,40,35.1464909,129.0602635,475
민간위탁,부산광역시 부산진구청,가야중복도로,2014000007,부산진구 냉정로 287 ,공영,노상,163,35.1508294,129.028627,343
민간위탁,부산광역시 부산진구청,메가박스서면점 앞,2014000008,부산진구 부전2동 575,공영,노상,26,35.1538771,129.0575931,562
민간위탁,부산광역시 부산진구청,가야공원,2019000012,부산진구 가야공원로 72 ,공영,노외,41,35.1492037,129.030028,299
민간위탁,부산광역시 부산진구청,가야공원3로주거지전용주차장,2007011500,부산진구 가야2동 601-2,공영,노외,4,35.1454684,129.0263261,287
민간위탁,부산광역시 부산진구청,주례초등학교공영노외주차장,2007011482,부산진구 개금2동 630-5,공영,노외,69,35.14193405,129.0187571,179
민간위탁,부산광역시 부산진구청,경남공고뒤,2007001092,부산진구 전포1동 870-1 ,공영,노상,27,35.1543182,129.0711925,337
시설관리공단위탁,부산광역시 부산진구청,부전시장 화물하역 주차구역,2008011641,부산진구 부전1동 100-1,공영,노상,7,35.16452825,129.0590653,497
민간위탁,부산광역시 부산진구청,시민장례식장 앞,2008011642,부산진구 범천1동 839-5,공영,노상,12,35.1464909,129.0602635,475
시설관리공단위탁,부산광역시 부산진구청,메가박스 서면점 앞,2008011645,부산진구 부전2동 575,공영,노상,26,35.1538771,129.0575931,562
민간위탁,부산광역시 영도구청,신선동,2009000002,영도구 신선동 136-1,공영,노외,25,35.0862031,129.0464186,266
민간위탁,부산광역시 영도구청,청학1동 노외공영주차장,2009000003,영도구 청학1동 418-5,공영,노외,40,35.09599475,129.0570471,103
민간위탁,부산광역시 영도구청,영도중학교옆,2009000005,영도구 동삼1동 328-22,공영,노외,20,35.07173515,129.0647706,80
민간위탁,부산광역시 영도구청,신선하나,2009000008,영도구 한결길 209 ,공영,노외,42,35.0910317,129.0464024,290
민간위탁,부산광역시 영도구청,해돋이마을,2009000009,영도구 와치로 2,공영,노외,22,35.0882541,129.0608907,100
민간위탁,부산광역시 영도구청,유정아파트,2009000010,영도구 봉래2동 122-37,공영,노외,20,35.0945525,129.0495853,216
시설관리공단위탁,부산광역시 영도구청,영선대로 지하공영,2016000001,영도구 영선대로 107,공영,노외,122,35.0851687,129.0405349,261
민간위탁,부산광역시 영도구청,75광장앞 공영주차장,2016000002,영도구 동삼1동 149-31,공영,노상,19,35.07173515,129.0647706,80
민간위탁,부산광역시 영도구청,남항방파제앞,2006001079,영도구 남항동 141-31,공영,노상,123,35.0893461,129.0382647,327
민간위탁,부산광역시 영도구청,청학동로,2014000001,영도구 청학동로 56 ,공영,노외,22,35.0907903,129.0630589,96
민간위탁,부산광역시 영도구청,청학스카이웨이,2014000002,영도구 청학남로 15 ,공영,노외,45,35.0889818,129.0634881,101
민간위탁,부산광역시 영도구청,선용품유통센터앞,2014000003,영도구 남항동 273-1,공영,노상,26,35.0893461,129.0382647,327
구(군)직영,부산광역시 영도구청,청학1동5,2014000005,영도구 청학1동 429-8,공영,노외,6,35.09599475,129.0570471,103
구(군)직영,부산광역시 영도구청,청학2동7,2014000006,영도구 청학2동 120-42,공영,노외,6,35.09021675,129.0651975,95
구(군)직영,부산광역시 영도구청,동삼3동3,2015000002,영도구 동삼3동 207-93,공영,노외,28,35.0849046,129.0724249,103
구(군)직영,부산광역시 영도구청,동삼2동3,2015000004,영도구 동삼2동 983-8,공영,노외,14,35.06494265,129.0797776,51
민간위탁,부산광역시 영도구청,봉래시장 공영주차장,2015000005,영도구 봉래1동 22-2,공영,노외,23,35.0945244,129.0422464,358
민간위탁,부산광역시 영도구청,해양로변,2015000007,영도구 해양로 156,공영,노상,51,35.099313,129.0576779,83
민간위탁,부산광역시 영도구청,봉래물양장,2006001059,영도구 남항동 1-2,공영,노상,48,35.0893461,129.0382647,327
민간위탁,부산광역시 영도구청,절영해안산책로앞,2006001090,영도구 영선2동 186-66,공영,노상,100,35.0802376,129.0434999,108
민간위탁,부산광역시 영도구청,인제병원앞,2006001106,영도구 봉래1동 208-1,공영,노상,29,35.0945244,129.0422464,358
민간위탁,부산광역시 영도구청,하수종말처리장,2009000014,영도구 동삼3동 175-20,공영,노상,77,35.0849046,129.0724249,103
시설관리공단위탁,부산광역시 부산진구청,서면시장 앞,2008011651,부산진구 부전2동 575 ,공영,노상,51,35.1538771,129.0575931,562
민간위탁,부산광역시 부산진구청,골드테마거리,2008011652,부산진구 범천1동 835-2,공영,노상,12,35.1464909,129.0602635,475
시설관리공단위탁,부산광역시 부산진구청,부전시장 앞,2008011654,부산진구 부전1동 573-10,공영,노상,48,35.16452825,129.0590653,497
시설관리공단위탁,부산광역시 부산진구청,부전역공영,2008011655,부산진구 부전1동 46,공영,노외,135,35.16452825,129.0590653,497
민간위탁,부산광역시 부산진구청,춘해병원옆,2009000012,부산진구 범천1동 948-4,공영,노상,12,35.1464909,129.0602635,475
민간위탁,부산광역시 부산진구청,부산도시공사옆,2009000016,부산진구 부전2동 560-5,공영,노외,134,35.1538771,129.0575931,562
민간위탁,부산광역시 부산진구청,초읍새싹길 주거지전용주차장,2009000020,부산진구 초읍동 536-2,공영,노외,15,35.1791327,129.0489923,174
민간위탁,부산광역시 부산진구청,광명3로 주거지전용주차장,2009000021,부산진구 양정2동 88-16,공영,노외,15,35.17289515,129.0756074,343
민간위탁,부산광역시 부산진구청,적십자로 주거지전용주차장,2009000023,부산진구 전포2동 588-11,공영,노외,14,35.16434005,129.0712629,265
민간위탁,부산광역시 부산진구청,삼성맨션옆 주거지전용주차장,2010000001,부산진구 당감4동 699-68,공영,노외,21,35.1715941,129.0285127,58
구(군)직영,부산광역시 부산진구청,월드컵로 시간제노상주차장,2010000006,부산진구 초읍동 376-9  ,공영,노상,44,35.1791327,129.0489923,174
민간위탁,부산광역시 동구청,범일2동 제1노상공영주차장,2017000001,동구 범일2동 830-15,공영,노상,38,35.135714,129.0613395,401
민간위탁,부산광역시 동구청,조방로10번길제2노상공영주차장,2017000005,동구 범일2동 830-15 ,공영,노상,48,35.135714,129.0613395,401
구(군)직영,부산광역시 동구청,수정2동제3공영주차장,2017000006,동구 수정2동 823-22 ,공영,노외,72,35.13144615,129.0386786,207
민간위탁,부산광역시 동구청,범일로90번길노상공영,2017000007,동구 범일2동 830-15 ,공영,노상,23,35.135714,129.0613395,401
민간위탁,부산광역시 동구청,수정공원상로 제1노상공영,2007001405,동구 수정4동 1178-47,공영,노상,60,35.1307636,129.0321337,99
시설관리공단위탁,부산광역시 동구청,수정초등학교 지하공영주차장,2019000003,동구 진성로 29 ,공영,노외,54,35.1301301,129.0478749,290
민간위탁,부산광역시 동구청,독도주차장,2015000001,동구 좌천동 722  ,공영,노외,42,35.1335788,129.0517546,338
민간위탁,부산광역시 동구청,초량6동제2공영주차장,2015000002,동구 초량6동 793-7,공영,노외,42,35.1233619,129.0316655,190
민간위탁,부산광역시 동구청,부산일보별관(사용료산정용),2018000001,동구 중앙대로180번길 10 ,공영,노상,37,35.1131737,129.0395401,389
민간위탁,부산광역시 동구청,조방로34번길 제2노상공영주차장,2007001226,동구 범일2동 830-200,공영,노상,20,35.135714,129.0613395,401
민간위탁,부산광역시 동구청,자성로 제1노상공영주차장,2007001378,동구 범일2동 829-10,공영,노상,13,35.135714,129.0613395,401
민간위탁,부산광역시 동구청,자성로75번길제1노상,2007001255,동구 범일2동 321-29,공영,노상,9,35.135714,129.0613395,401
민간위탁,부산광역시 동구청,중앙대로399번길 제1노상공영주차장,2007001071,동구 좌천동 682-30,공영,노상,12,35.1335788,129.0517546,338
민간위탁,부산광역시 동구청,"진성로9번길 제1노상(구, 우리아비바생명옆)",2007001081,동구 수정2동 17-2,공영,노상,7,35.13144615,129.0386786,207
민간위탁,부산광역시 동구청,중앙대로236번길 제2노상공영주차장,2007001347,동구 초량3동 1195-2,공영,노상,13,35.11843835,129.0461421,250
민간위탁,부산광역시 동구청,중앙대로248번길제3노상,2007001349,동구 초량3동 1188-3,공영,노상,21,35.11843835,129.0461421,250
민간위탁,부산광역시 동구청,중앙대로320번길제3노상공영,2007001175,동구 초량3동 1154-6,공영,노상,14,35.11843835,129.0461421,250
민간위탁,부산광역시 동구청,중앙대로260번길 제1노상공영주차장,2007001153,동구 초량3동 1168-1,공영,노상,10,35.11843835,129.0461421,250
민간위탁,부산광역시 동구청,수정5동공영,2007011176,동구 수정5동 410-111,공영,노외,49,35.1353408,129.0410093,183
민간위탁,부산광역시 동구청,고관로 제2공영주차장(구.수정터널밑),1007011060,동구 좌천동 581-16,공영,노외,75,35.1335788,129.0517546,338
민간위탁,부산광역시 동구청,성남로 제1노외공영주차장,1007011059,동구 범일5동 1119,공영,노외,29,35.12658575,129.0572386,156
민간위탁,부산광역시 동구청,수정산(동여중)공영,2007011193,동구 수정2동 600-3,공영,노외,52,35.13144615,129.0386786,207
민간위탁,부산광역시 영도구청,남항시장 노외 공영주차장,2009000013,영도구 남항동 267,공영,노외,-4,35.0893461,129.0382647,327
민간위탁,부산광역시 영도구청,부산대교 밑,2008000001,영도구 봉래1동 134-1,공영,노상,87,35.0945244,129.0422464,358
민간위탁,부산광역시 영도구청,태종보세장치장옆,2012000003,영도구 청학2동 1-147,공영,노상,58,35.09021675,129.0651975,95
민간위탁,부산광역시 영도구청,토토볼링장앞,2006001067,영도구 대평남로 7 ,공영,노상,24,35.0903869,129.0347322,396
민간위탁,부산광역시 영도구청,하늘전망대앞,2006001089,영도구 동삼1동 149-14,공영,노상,29,35.07173515,129.0647706,80
민간위탁,부산광역시 영도구청,청학초등학교,2009000001,영도구 청학1동 412-3,공영,노외,105,35.09599475,129.0570471,103
민간위탁,부산광역시 서구청,해돋이공영주차장,2007011073,서구 해돋이로 146 ,공영,노외,102,35.0915398,129.0200505,233
민간위탁,부산광역시 서구청,서대신4동제2노상공영주차장,2007001420,서구 서대신4동 147-45,공영,노상,12,35.12738175,129.0118858,12
민간위탁,부산광역시 동구청,수정1동공영,2007011192,동구 수정1동 1043-60,공영,노외,54,35.124859,129.0401282,293
민간위탁,부산광역시 동구청,수정2동제2공영,2007011196,동구 수정2동 785-8,공영,노외,38,35.13144615,129.0386786,207
민간위탁,부산광역시 동구청,동구공영주차빌딩,2007011206,동구 초량1동 1204-9,공영,노외,146,35.1150192,129.0366048,377
민간위탁,부산광역시 동구청,범일1동제2공영,2007011145,동구 범곡서로 21,공영,노외,19,35.1411195,129.0521344,313
민간위탁,부산광역시 동구청,중앙대로180번길 제3노상공영주차장,2007001036,동구 초량1동 1213-9,공영,노상,37,35.1150192,129.0366048,377
민간위탁,부산광역시 동구청,중앙대로332번길 제3노상공영주차장,2007001176,동구 초량3동 1150-3,공영,노상,22,35.11843835,129.0461421,250
민간위탁,부산광역시 동구청,중앙대로332번길 제2노상,2007001177,동구 초량3동 1150-1,공영,노상,9,35.11843835,129.0461421,250
민간위탁,부산광역시 동구청,구봉로제1노상,1007001142,동구 초량3동 1118-2,공영,노상,49,35.11843835,129.0461421,250
민간위탁,부산광역시 동구청,중앙대로320번길제2노상공영,2007001172,동구 초량3동 1154-3,공영,노상,11,35.11843835,129.0461421,250
민간위탁,부산광역시 동구청,초량6동공영,2007011098,동구 초량6동 823-1,공영,노외,47,35.1233619,129.0316655,190
민간위탁,부산광역시 동구청,조방로26번길 제2노상공영주차장,2007001227,동구 범일2동 830-200,공영,노상,26,35.135714,129.0613395,401
민간위탁,부산광역시 동구청,자성공원로 제1노상공영주차장,2007001375,동구 범일2동 830-29,공영,노상,6,35.135714,129.0613395,401
민간위탁,부산광역시 동구청,자성로140번길 제1노상공영주차장,2007001404,동구 범일5동 825-83,공영,노상,30,35.12658575,129.0572386,156
민간위탁,부산광역시 동구청,부산고등학교입구,2007001116,동구 초량3동 667-8,공영,노상,16,35.11843835,129.0461421,250
민간위탁,부산광역시 동구청,자유시장 뒤,2008000004,동구 범일2동 830-24,공영,노상,32,35.135714,129.0613395,401
민간위탁,부산광역시 동구청,범일초등공영,2008000014,동구 범일1동 1411-3,공영,노외,91,35.1411536,129.0482495,218
민간위탁,부산광역시 동구청,수정초등공영,2008000015,동구 수정2동 464-2,공영,노외,52,35.13144615,129.0386786,207
민간위탁,부산광역시 동구청,화신칼라 앞,2008000018,동구 범일2동 830-15,공영,노상,48,35.135714,129.0613395,401
민간위탁,부산광역시 동구청,고관로 제1공영주차장,2007011194,동구 좌천동 570-2,공영,노외,21,35.1335788,129.0517546,338
민간위탁,부산광역시 동구청,"중앙대로296번길제1노상(구,수정변전소)",2007001309,동구 초량3동 1159-1,공영,노상,26,35.11843835,129.0461421,250
민간위탁,부산광역시 동구청,동구체육공원,2010000011,동구 수정2동 711-1,공영,노외,51,35.13144615,129.0386786,207
민간위탁,부산광역시 동구청,조방로10번길제1노상,2010000015,동구 범일2동 830-30,공영,노상,21,35.135714,129.0613395,401
민간위탁,부산광역시 동구청,가구거리 공영,2010000016,동구 범일1동 183,공영,노외,64,35.1411536,129.0482495,218
민간위탁,부산광역시 동구청,성북공영주차장,2011000001,동구 좌천동 910-3,공영,노외,47,35.1335788,129.0517546,338
민간위탁,부산광역시 동구청,범일1동공영주차장,2012000001,동구 범일1동 1338-11,공영,노외,45,35.1411536,129.0482495,218
민간위탁,부산광역시 동구청,차이나타운,2008000021,동구 초량1동 545-15,공영,노외,63,35.1150192,129.0366048,377
민간위탁,부산광역시 동구청,중앙대로236번길제3노상,2008000024,동구 초량3동 1195-7,공영,노상,13,35.11843835,129.0461421,250
민간위탁,부산광역시 동구청,중앙대로236번길 제4노상,2008000025,동구 초량3동 1196-1,공영,노상,14,35.11843835,129.0461421,250
민간위탁,부산광역시 동구청,범일1동제3공영주차장,2008000044,동구 범내로 34 ,공영,노외,28,35.1431915,129.0506671,258
민간위탁,부산광역시 서구청,송도노외공영주차장,2008001298,서구 암남동 579,공영,노외,49,35.0751352,129.0152617,102
민간위탁,부산광역시 서구청,동대신2동제1노상공영주차장,2007001563,서구 동대신2동 452-4,공영,노상,14,35.1133201,129.0236072,438
민간위탁,부산광역시 서구청,초장동제1노상공영주차장,2007001258,서구 초장동 128-69,공영,노상,36,35.0958071,129.0190172,368
민간위탁,부산광역시 서구청,부민동제1노상공영주차장,2007001322,서구 부민동 24-4  ,공영,노상,22,35.10426895,129.0173178,486
민간위탁,부산광역시 서구청,부민동노외공영주차장,2009000007,서구 구덕로199번길 53,공영,노외,64,35.1025983,129.0176514,470
민간위탁,부산광역시 서구청,동대신1동제4노상공영주차장,2016000002,서구 동대신1동 9-48,공영,노상,29,35.1097406,129.0216167,530
민간위탁,부산광역시 서구청,아미골공영주차장,2007011021,서구 아미로 77,공영,노외,62,35.0990211,129.0135321,303
민간위탁,부산광역시 서구청,충무동골목시장노외공영주차장,2016000003,서구 충무대로267번길 7,공영,노외,13,35.0945731,129.0233479,392
민간위탁,부산광역시 서구청,암남공원노외공영주차장,2017000001,서구 암남동 620-4,공영,노외,339,35.0751352,129.0152617,102
민간위탁,부산광역시 서구청,암남공원 볼레스토어,2017000003,서구 암남동 620-12,공영,노외,1,35.0751352,129.0152617,102
민간위탁,부산광역시 서구청,충무동제7노상공영주차장,2017000005,서구 자갈치로 14-11 ,공영,노상,8,35.0972254,129.0295506,656
민간위탁,부산광역시 서구청,천해로노외공영주차장,2017000006,서구 천해로 27-24,공영,노외,54,35.0896271,129.009458,72
민간위탁,부산광역시 서구청,암남동제5노상공영주차장,2017000007,서구 암남동 123-50  ,공영,노상,26,35.0751352,129.0152617,102
민간위탁,부산광역시 서구청,동대신1동제5노상공영주차장,2007001537,서구 동대신1동 419,공영,노상,15,35.1097406,129.0216167,530
민간위탁,부산광역시 서구청,남부민2동제1노상공영주차장,2007001860,서구 남부민2동 705,공영,노상,13,35.0846167,129.0211605,119
민간위탁,부산광역시 서구청,남부민2동제2노상공영주차장,2007001208,서구 남부민2동 692-2,공영,노상,23,35.0846167,129.0211605,119
민간위탁,부산광역시 서구청,충무동제2노상공영,2007001276,서구 충무동 9-2,공영,노상,21,35.0978873,129.0321536,654
민간위탁,부산광역시 서구청,등대로노상공영주차장,2014000002,서구 등대로 61-21,공영,노상,48,35.0803303,129.0238054,85
민간위탁,부산광역시 서구청,원양로노상공영주차장,2018000003,서구 원양로 243,공영,노상,81,35.06222,129.0129,12
민간위탁,부산광역시 서구청,새벽시장공영주차장,2018000002,서구 해안새벽시장길 76 ,공영,노외,70,35.0936891,129.0250661,406
민간위탁,부산광역시 서구청,아미동제2노상공영,2007001139,서구 아미동 5,공영,노상,11,35.10040295,129.0135017,323
민간위탁,부산광역시 서구청,암남동제1노상공영주차장,2008001134,서구 암남동 135-2,공영,노상,38,35.0751352,129.0152617,102
민간위탁,부산광역시 서구청,암남동제10노상공영주차장,2008001131,서구 암남동 95-13,공영,노상,56,35.0751352,129.0152617,102
민간위탁,부산광역시 서구청,초장동제2노상공영주차장,2007001253,서구 초장동 89-87,공영,노상,37,35.0958071,129.0190172,368
민간위탁,부산광역시 서구청,충무동제5노상공영,2008001297,서구 충무동 8-1,공영,노상,15,35.0975197,129.0231174,480
민간위탁,부산광역시 서구청,서대신4동제3노상공영주차장,2007001085,서구 서대신4동 7-5,공영,노상,22,35.12738175,129.0118858,12
민간위탁,부산광역시 서구청,서대신4동제1노상공영주차장,2007001124,서구 서대신4동 2-6,공영,노상,19,35.12738175,129.0118858,12
민간위탁,부산광역시 서구청,암남동제8노상공영주차장,2007001385,서구 암남동 614-5,공영,노상,50,35.0751352,129.0152617,102
민간위탁,부산광역시 서구청,암남동제7노상공영주차장,2007001178,서구 암남동 537-4,공영,노상,36,35.0751352,129.0152617,102
민간위탁,부산광역시 서구청,암남동제2노상공영주차장,2007001382,서구 암남동 583-3,공영,노상,31,35.0751352,129.0152617,102
민간위탁,부산광역시 서구청,고운들노외공영주차장,2007011218,서구 해돋이로 382,공영,노외,81,35.0915398,129.0200505,233
민간위탁,부산광역시 서구청,북산리공영주차장,2007011260,서구 동대신2동 79-39,공영,노외,99,35.1133201,129.0236072,438
민간위탁,부산광역시 서구청,망양노외공영주차장,2007011191,서구 동대신1동 11-15,공영,노외,103,35.1097406,129.0216167,530
민간위탁,부산광역시 중구청,신창 노외공영주차장,2017000001,중구 광복로35번길 35 ,공영,노외,44,35.1009949,129.0288452,734
민간위탁,부산광역시 중구청,중앙동 교보생명 옆 노상공영주차장,2007001118,중구 중앙대로116번길 12 ,공영,노상,40,35.1076498,129.0377044,477
민간위탁,부산광역시 중구청,중앙동 KT 뒤 노상공영주차장,2007001156,중구 충장대로5번길 69,공영,노상,58,35.1090839,129.0377042,460
민간위탁,부산광역시 중구청,중앙동 마린센터 노상공영주차장,2007001151,중구 충장대로5번길 72,공영,노상,45,35.1090839,129.0377042,460
민간위탁,부산광역시 중구청,부평 노외공영주차장,2012000004,중구 중구로33번길 32 ,공영,노외,85,35.1007578,129.0270302,728
민간위탁,부산광역시 중구청,자갈치보수복개천 노외공영주차장,2019000003,중구 구덕로 93,공영,노외,149,35.0978083,129.0349077,570
민간위탁,부산광역시 중구청,국제시장로 1구간 노상공영주차장,2007001071,중구 중구로 32 ,공영,노상,29,35.1104838,129.0350917,492
민간위탁,부산광역시 중구청,중부소방서 뒤 노상공영주차장,2007001134,중구 중앙대로 130,공영,노상,49,35.8641025,128.5933423,540
민간위탁,부산광역시 중구청,중앙동 객화차담 밑 노상공영주차장,2007001362,중구 충장대로13번길 40,공영,노상,68,35.1087371,129.0388464,448
민간위탁,부산광역시 중구청,유창빌딩 앞 노상공영주차장,2007001212,중구 중앙대로 72 ,공영,노상,20,35.1012155,129.0357402,523
민간위탁,부산광역시 중구청,부산우체국 뒤 노상공영주차장,2007001112,중구 해관로 84-2,공영,노상,42,35.1007705,129.0359646,510
민간위탁,부산광역시 중구청,보수 복개천 노상공영주차장,2007001205,중구 보수대로 42,공영,노상,24,35.1054172,129.0217009,655
민간위탁,부산광역시 중구청,국제회관 옆 노상공영주차장,2007001006,중구 대교로 103,공영,노상,23,35.1028538,129.0376623,442
민간위탁,부산광역시 중구청,영주 노외공영주차장,2007011036,중구 동영로 58 ,공영,노외,43,35.1124791,129.0339804,450
민간위탁,부산광역시 서구청,남부민2동노외공영주차장,2007011087,서구 남부민로 75 ,공영,노외,149,35.0841533,129.0226004,102
민간위탁,부산광역시 서구청,구덕노외공영주차장,2007011175,서구 대신로 127 ,공영,노외,96,35.1172392,129.0140187,201
민간위탁,부산광역시 서구청,남부민2동제3노상공영주차장,2007001857,서구 남부민2동 705,공영,노상,14,35.0846167,129.0211605,119
민간위탁,부산광역시 서구청,남부민1동제1노상공영,2007001214,서구 남부민1동 689-3,공영,노상,14,35.08996255,129.0210942,172
민간위탁,부산광역시 서구청,부민동제4노상공영주차장,2007001271,서구 부민동 66-1,공영,노상,22,35.10426895,129.0173178,486
민간위탁,부산광역시 서구청,아미초등학교지하공영주차장,2010000002,서구 해돋이로 241 ,공영,노외,76,35.0915398,129.0200505,233
민간위탁,부산광역시 서구청,부민동제2노외공영주차장,2011000001,서구 임시수도기념로 37 ,공영,노외,30,35.1033354,129.0192467,540
민간위탁,부산광역시 중구청,용두산 노외공영주차장,2007011162,중구 대청로 120 ,공영,노외,292,35.1035461,129.0275611,827
민간위탁,부산광역시 중구청,광복로 부평동구간 노상공영주차장,2007001308,중구 광복로 13,공영,노상,17,35.0993368,129.0273587,723
민간위탁,부산광역시 중구청,동주여고 앞 노상공영주차장,2007001069,중구 광복중앙로 22-1 ,공영,노상,27,35.1006059,129.0313464,699
민간위탁,부산광역시 중구청,보수 노외공영주차장,2007011099,중구 중구로75번길 25,공영,노외,34,35.1039031,129.0277354,836
민간위탁,부산광역시 중구청,자갈치시장 앞 노상공영주차장,2009000004,중구 자갈치해안로 52 ,공영,노상,30,35.0973146,129.033686,585
민간위탁,부산광역시 중구청,보수종합시장 노외공영주차장,2012000001,중구 보수대로106번길 27 ,공영,노외,10,35.1040394,129.0226627,658
민간위탁,부산광역시 중구청,신한은행 부산금융센터 뒤 노상공영주차장,2007001320,중구 해관로 7,공영,노상,13,35.1007705,129.0359646,510
민간위탁,부산광역시 중구청,중앙동 노외공영주차장,2009000002,중구 대청로135번길 36 ,공영,노외,29,35.1042289,129.03481,593
민간운영,부산광역시 기장군청,1구역 2소,2008000002,기장군 기장읍 280-2,공영,노상,12,35.2221405,129.2069469,19
민간운영,부산광역시 기장군청,1구역 3소,2008000003,기장군 기장읍 444-1,공영,노상,13,35.2221405,129.2069469,19
민간운영,부산광역시 기장군청,3구역 1소,2008000006,기장군 기장읍 418-12,공영,노상,24,35.2221405,129.2069469,19
시설관리공단위탁,부산광역시 기장군청,기장시장 공영주차장,2018000001,기장군 읍내로94번길 9 ,공영,노외,216,35.2441737,129.2144709,341
