연도,행정구역코드,행정구역수준,시설물코드,행정구역시도명,행정구역시군구명,행정구역읍면동명,시설물대분류,시설물소분류,출발시간대명,교통수단명,평균접근시간(분)
2019,2101051,4,21,부산광역시,중구,중앙동,의료시설,공공의료시설,일평균(06-20시),승용차,6.9
2019,2101051,4,22,부산광역시,중구,중앙동,의료시설,병·의원,일평균(06-20시),승용차,3
2019,2101051,4,23,부산광역시,중구,중앙동,의료시설,종합병원,일평균(06-20시),승용차,6.99
2019,2101051,4,31,부산광역시,중구,중앙동,판매시설,대규모점포,일평균(06-20시),승용차,4.12
2019,2101051,4,32,부산광역시,중구,중앙동,판매시설,전통시장,일평균(06-20시),승용차,2.31
2019,2101052,4,21,부산광역시,중구,동광동,의료시설,공공의료시설,일평균(06-20시),승용차,2.97
2019,2101052,4,22,부산광역시,중구,동광동,의료시설,병·의원,일평균(06-20시),승용차,2.12
2019,2101052,4,23,부산광역시,중구,동광동,의료시설,종합병원,일평균(06-20시),승용차,3.1
2019,2101052,4,31,부산광역시,중구,동광동,판매시설,대규모점포,일평균(06-20시),승용차,4.81
2019,2101052,4,32,부산광역시,중구,동광동,판매시설,전통시장,일평균(06-20시),승용차,3.38
2019,2101053,4,21,부산광역시,중구,대청동,의료시설,공공의료시설,일평균(06-20시),승용차,5.91
2019,2101053,4,22,부산광역시,중구,대청동,의료시설,병·의원,일평균(06-20시),승용차,3.74
2019,2101053,4,23,부산광역시,중구,대청동,의료시설,종합병원,일평균(06-20시),승용차,5.56
2019,2101053,4,31,부산광역시,중구,대청동,판매시설,대규모점포,일평균(06-20시),승용차,7.81
2019,2101053,4,32,부산광역시,중구,대청동,판매시설,전통시장,일평균(06-20시),승용차,5.49
2019,2101054,4,21,부산광역시,중구,보수동,의료시설,공공의료시설,일평균(06-20시),승용차,5.63
2019,2101054,4,22,부산광역시,중구,보수동,의료시설,병·의원,일평균(06-20시),승용차,3.42
2019,2101054,4,23,부산광역시,중구,보수동,의료시설,종합병원,일평균(06-20시),승용차,5.12
2019,2101054,4,31,부산광역시,중구,보수동,판매시설,대규모점포,일평균(06-20시),승용차,8.14
2019,2101054,4,32,부산광역시,중구,보수동,판매시설,전통시장,일평균(06-20시),승용차,4.58
2019,2101056,4,21,부산광역시,중구,부평동,의료시설,공공의료시설,일평균(06-20시),승용차,4.17
2019,2101056,4,22,부산광역시,중구,부평동,의료시설,병·의원,일평균(06-20시),승용차,1.64
2019,2101056,4,23,부산광역시,중구,부평동,의료시설,종합병원,일평균(06-20시),승용차,3.77
2019,2101056,4,31,부산광역시,중구,부평동,판매시설,대규모점포,일평균(06-20시),승용차,4.41
2019,2101056,4,32,부산광역시,중구,부평동,판매시설,전통시장,일평균(06-20시),승용차,1.63
2019,2101057,4,21,부산광역시,중구,광복동,의료시설,공공의료시설,일평균(06-20시),승용차,5.88
2019,2101057,4,22,부산광역시,중구,광복동,의료시설,병·의원,일평균(06-20시),승용차,2.29
2019,2101057,4,23,부산광역시,중구,광복동,의료시설,종합병원,일평균(06-20시),승용차,5.76
2019,2101057,4,31,부산광역시,중구,광복동,판매시설,대규모점포,일평균(06-20시),승용차,3.29
2019,2101057,4,32,부산광역시,중구,광복동,판매시설,전통시장,일평균(06-20시),승용차,1.26
2019,2101058,4,21,부산광역시,중구,남포동,의료시설,공공의료시설,일평균(06-20시),승용차,8.19
2019,2101058,4,22,부산광역시,중구,남포동,의료시설,병·의원,일평균(06-20시),승용차,1.62
2019,2101058,4,23,부산광역시,중구,남포동,의료시설,종합병원,일평균(06-20시),승용차,4.74
2019,2101058,4,31,부산광역시,중구,남포동,판매시설,대규모점포,일평균(06-20시),승용차,2.91
2019,2101058,4,32,부산광역시,중구,남포동,판매시설,전통시장,일평균(06-20시),승용차,0.91
2019,2101059,4,21,부산광역시,중구,영주1동,의료시설,공공의료시설,일평균(06-20시),승용차,3.74
2019,2101059,4,22,부산광역시,중구,영주1동,의료시설,병·의원,일평균(06-20시),승용차,1.28
2019,2101059,4,23,부산광역시,중구,영주1동,의료시설,종합병원,일평균(06-20시),승용차,3.84
2019,2101059,4,31,부산광역시,중구,영주1동,판매시설,대규모점포,일평균(06-20시),승용차,6.06
2019,2101059,4,32,부산광역시,중구,영주1동,판매시설,전통시장,일평균(06-20시),승용차,1.95
2019,2101060,4,21,부산광역시,중구,영주2동,의료시설,공공의료시설,일평균(06-20시),승용차,4.13
2019,2101060,4,22,부산광역시,중구,영주2동,의료시설,병·의원,일평균(06-20시),승용차,1.89
2019,2101060,4,23,부산광역시,중구,영주2동,의료시설,종합병원,일평균(06-20시),승용차,3.96
2019,2101060,4,31,부산광역시,중구,영주2동,판매시설,대규모점포,일평균(06-20시),승용차,8.02
2019,2101060,4,32,부산광역시,중구,영주2동,판매시설,전통시장,일평균(06-20시),승용차,5.04
2019,2102051,4,21,부산광역시,서구,동대신1동,의료시설,공공의료시설,일평균(06-20시),승용차,4.09
2019,2102051,4,22,부산광역시,서구,동대신1동,의료시설,병·의원,일평균(06-20시),승용차,2.18
2019,2102051,4,23,부산광역시,서구,동대신1동,의료시설,종합병원,일평균(06-20시),승용차,4.69
2019,2102051,4,31,부산광역시,서구,동대신1동,판매시설,대규모점포,일평균(06-20시),승용차,7.87
2019,2102051,4,32,부산광역시,서구,동대신1동,판매시설,전통시장,일평균(06-20시),승용차,3.15
2019,2102052,4,21,부산광역시,서구,동대신2동,의료시설,공공의료시설,일평균(06-20시),승용차,5.69
2019,2102052,4,22,부산광역시,서구,동대신2동,의료시설,병·의원,일평균(06-20시),승용차,2.47
2019,2102052,4,23,부산광역시,서구,동대신2동,의료시설,종합병원,일평균(06-20시),승용차,4.94
2019,2102052,4,31,부산광역시,서구,동대신2동,판매시설,대규모점포,일평균(06-20시),승용차,9.37
2019,2102052,4,32,부산광역시,서구,동대신2동,판매시설,전통시장,일평균(06-20시),승용차,4.01
2019,2102053,4,21,부산광역시,서구,동대신3동,의료시설,공공의료시설,일평균(06-20시),승용차,5.35
2019,2102053,4,22,부산광역시,서구,동대신3동,의료시설,병·의원,일평균(06-20시),승용차,1.76
2019,2102053,4,23,부산광역시,서구,동대신3동,의료시설,종합병원,일평균(06-20시),승용차,3.62
2019,2102053,4,31,부산광역시,서구,동대신3동,판매시설,대규모점포,일평균(06-20시),승용차,8.91
2019,2102053,4,32,부산광역시,서구,동대신3동,판매시설,전통시장,일평균(06-20시),승용차,3.65
2019,2102054,4,21,부산광역시,서구,서대신1동,의료시설,공공의료시설,일평균(06-20시),승용차,4.09
2019,2102054,4,22,부산광역시,서구,서대신1동,의료시설,병·의원,일평균(06-20시),승용차,1.76
2019,2102054,4,23,부산광역시,서구,서대신1동,의료시설,종합병원,일평균(06-20시),승용차,3.76
2019,2102054,4,31,부산광역시,서구,서대신1동,판매시설,대규모점포,일평균(06-20시),승용차,7.66
2019,2102054,4,32,부산광역시,서구,서대신1동,판매시설,전통시장,일평균(06-20시),승용차,2.32
2019,2102056,4,21,부산광역시,서구,서대신3동,의료시설,공공의료시설,일평균(06-20시),승용차,4.76
2019,2102056,4,22,부산광역시,서구,서대신3동,의료시설,병·의원,일평균(06-20시),승용차,1.47
2019,2102056,4,23,부산광역시,서구,서대신3동,의료시설,종합병원,일평균(06-20시),승용차,2.85
2019,2102056,4,31,부산광역시,서구,서대신3동,판매시설,대규모점포,일평균(06-20시),승용차,8.28
2019,2102056,4,32,부산광역시,서구,서대신3동,판매시설,전통시장,일평균(06-20시),승용차,3.27
2019,2102057,4,21,부산광역시,서구,서대신4동,의료시설,공공의료시설,일평균(06-20시),승용차,6.67
2019,2102057,4,22,부산광역시,서구,서대신4동,의료시설,병·의원,일평균(06-20시),승용차,3.05
2019,2102057,4,23,부산광역시,서구,서대신4동,의료시설,종합병원,일평균(06-20시),승용차,4.24
2019,2102057,4,31,부산광역시,서구,서대신4동,판매시설,대규모점포,일평균(06-20시),승용차,10.15
2019,2102057,4,32,부산광역시,서구,서대신4동,판매시설,전통시장,일평균(06-20시),승용차,5.01
2019,2102059,4,21,부산광역시,서구,부민동,의료시설,공공의료시설,일평균(06-20시),승용차,4.06
2019,2102059,4,22,부산광역시,서구,부민동,의료시설,병·의원,일평균(06-20시),승용차,2.06
2019,2102059,4,23,부산광역시,서구,부민동,의료시설,종합병원,일평균(06-20시),승용차,3.65
2019,2102059,4,31,부산광역시,서구,부민동,판매시설,대규모점포,일평균(06-20시),승용차,7.17
2019,2102059,4,32,부산광역시,서구,부민동,판매시설,전통시장,일평균(06-20시),승용차,2.09
2019,2102061,4,21,부산광역시,서구,아미동,의료시설,공공의료시설,일평균(06-20시),승용차,6.49
2019,2102061,4,22,부산광역시,서구,아미동,의료시설,병·의원,일평균(06-20시),승용차,1.46
2019,2102061,4,23,부산광역시,서구,아미동,의료시설,종합병원,일평균(06-20시),승용차,3.69
2019,2102061,4,31,부산광역시,서구,아미동,판매시설,대규모점포,일평균(06-20시),승용차,8.17
2019,2102061,4,32,부산광역시,서구,아미동,판매시설,전통시장,일평균(06-20시),승용차,2.1
2019,2102063,4,21,부산광역시,서구,초장동,의료시설,공공의료시설,일평균(06-20시),승용차,6.65
2019,2102063,4,22,부산광역시,서구,초장동,의료시설,병·의원,일평균(06-20시),승용차,1.8
2019,2102063,4,23,부산광역시,서구,초장동,의료시설,종합병원,일평균(06-20시),승용차,3.85
2019,2102063,4,31,부산광역시,서구,초장동,판매시설,대규모점포,일평균(06-20시),승용차,6.77
2019,2102063,4,32,부산광역시,서구,초장동,판매시설,전통시장,일평균(06-20시),승용차,2.7
2019,2102064,4,21,부산광역시,서구,충무동,의료시설,공공의료시설,일평균(06-20시),승용차,5.56
2019,2102064,4,22,부산광역시,서구,충무동,의료시설,병·의원,일평균(06-20시),승용차,1.02
2019,2102064,4,23,부산광역시,서구,충무동,의료시설,종합병원,일평균(06-20시),승용차,3.18
2019,2102064,4,31,부산광역시,서구,충무동,판매시설,대규모점포,일평균(06-20시),승용차,5.26
2019,2102064,4,32,부산광역시,서구,충무동,판매시설,전통시장,일평균(06-20시),승용차,1.96
2019,2102065,4,21,부산광역시,서구,남부민1동,의료시설,공공의료시설,일평균(06-20시),승용차,7.91
2019,2102065,4,22,부산광역시,서구,남부민1동,의료시설,병·의원,일평균(06-20시),승용차,1.35
2019,2102065,4,23,부산광역시,서구,남부민1동,의료시설,종합병원,일평균(06-20시),승용차,5.11
2019,2102065,4,31,부산광역시,서구,남부민1동,판매시설,대규모점포,일평균(06-20시),승용차,6.74
2019,2102065,4,32,부산광역시,서구,남부민1동,판매시설,전통시장,일평균(06-20시),승용차,3.13
2019,2102068,4,21,부산광역시,서구,암남동,의료시설,공공의료시설,일평균(06-20시),승용차,15.04
2019,2102068,4,22,부산광역시,서구,암남동,의료시설,병·의원,일평균(06-20시),승용차,2.28
2019,2102068,4,23,부산광역시,서구,암남동,의료시설,종합병원,일평균(06-20시),승용차,4.43
2019,2102068,4,31,부산광역시,서구,암남동,판매시설,대규모점포,일평균(06-20시),승용차,11.18
2019,2102068,4,32,부산광역시,서구,암남동,판매시설,전통시장,일평균(06-20시),승용차,3.19
2019,2102069,4,21,부산광역시,서구,남부민2동,의료시설,공공의료시설,일평균(06-20시),승용차,11
2019,2102069,4,22,부산광역시,서구,남부민2동,의료시설,병·의원,일평균(06-20시),승용차,1.21
2019,2102069,4,23,부산광역시,서구,남부민2동,의료시설,종합병원,일평균(06-20시),승용차,5.59
2019,2102069,4,31,부산광역시,서구,남부민2동,판매시설,대규모점포,일평균(06-20시),승용차,9.76
2019,2102069,4,32,부산광역시,서구,남부민2동,판매시설,전통시장,일평균(06-20시),승용차,4.58
2019,2103051,4,21,부산광역시,동구,초량1동,의료시설,공공의료시설,일평균(06-20시),승용차,5.33
2019,2103051,4,22,부산광역시,동구,초량1동,의료시설,병·의원,일평균(06-20시),승용차,2.09
2019,2103051,4,23,부산광역시,동구,초량1동,의료시설,종합병원,일평균(06-20시),승용차,5.41
2019,2103051,4,31,부산광역시,동구,초량1동,판매시설,대규모점포,일평균(06-20시),승용차,7.74
2019,2103051,4,32,부산광역시,동구,초량1동,판매시설,전통시장,일평균(06-20시),승용차,2.63
2019,2103052,4,21,부산광역시,동구,초량2동,의료시설,공공의료시설,일평균(06-20시),승용차,6.89
2019,2103052,4,22,부산광역시,동구,초량2동,의료시설,병·의원,일평균(06-20시),승용차,1.93
2019,2103052,4,23,부산광역시,동구,초량2동,의료시설,종합병원,일평균(06-20시),승용차,7.15
2019,2103052,4,31,부산광역시,동구,초량2동,판매시설,대규모점포,일평균(06-20시),승용차,9.55
2019,2103052,4,32,부산광역시,동구,초량2동,판매시설,전통시장,일평균(06-20시),승용차,3.58
2019,2103053,4,21,부산광역시,동구,초량3동,의료시설,공공의료시설,일평균(06-20시),승용차,4.3
2019,2103053,4,22,부산광역시,동구,초량3동,의료시설,병·의원,일평균(06-20시),승용차,1.5
2019,2103053,4,23,부산광역시,동구,초량3동,의료시설,종합병원,일평균(06-20시),승용차,5.64
2019,2103053,4,31,부산광역시,동구,초량3동,판매시설,대규모점포,일평균(06-20시),승용차,8.67
2019,2103053,4,32,부산광역시,동구,초량3동,판매시설,전통시장,일평균(06-20시),승용차,2.63
2019,2103055,4,21,부산광역시,동구,초량6동,의료시설,공공의료시설,일평균(06-20시),승용차,6.81
2019,2103055,4,22,부산광역시,동구,초량6동,의료시설,병·의원,일평균(06-20시),승용차,1.26
2019,2103055,4,23,부산광역시,동구,초량6동,의료시설,종합병원,일평균(06-20시),승용차,8.56
2019,2103055,4,31,부산광역시,동구,초량6동,판매시설,대규모점포,일평균(06-20시),승용차,11.94
2019,2103055,4,32,부산광역시,동구,초량6동,판매시설,전통시장,일평균(06-20시),승용차,5.15
2019,2103056,4,21,부산광역시,동구,수정1동,의료시설,공공의료시설,일평균(06-20시),승용차,4.04
2019,2103056,4,22,부산광역시,동구,수정1동,의료시설,병·의원,일평균(06-20시),승용차,1.64
2019,2103056,4,23,부산광역시,동구,수정1동,의료시설,종합병원,일평균(06-20시),승용차,5.98
2019,2103056,4,31,부산광역시,동구,수정1동,판매시설,대규모점포,일평균(06-20시),승용차,10.27
2019,2103056,4,32,부산광역시,동구,수정1동,판매시설,전통시장,일평균(06-20시),승용차,3.57
2019,2103057,4,21,부산광역시,동구,수정2동,의료시설,공공의료시설,일평균(06-20시),승용차,2.75
2019,2103057,4,22,부산광역시,동구,수정2동,의료시설,병·의원,일평균(06-20시),승용차,1.37
2019,2103057,4,23,부산광역시,동구,수정2동,의료시설,종합병원,일평균(06-20시),승용차,4.45
2019,2103057,4,31,부산광역시,동구,수정2동,판매시설,대규모점포,일평균(06-20시),승용차,9.99
2019,2103057,4,32,부산광역시,동구,수정2동,판매시설,전통시장,일평균(06-20시),승용차,2.5
2019,2103059,4,21,부산광역시,동구,수정4동,의료시설,공공의료시설,일평균(06-20시),승용차,4.59
2019,2103059,4,22,부산광역시,동구,수정4동,의료시설,병·의원,일평균(06-20시),승용차,1.48
2019,2103059,4,23,부산광역시,동구,수정4동,의료시설,종합병원,일평균(06-20시),승용차,6.95
2019,2103059,4,31,부산광역시,동구,수정4동,판매시설,대규모점포,일평균(06-20시),승용차,12.39
2019,2103059,4,32,부산광역시,동구,수정4동,판매시설,전통시장,일평균(06-20시),승용차,4.49
2019,2103060,4,21,부산광역시,동구,수정5동,의료시설,공공의료시설,일평균(06-20시),승용차,5.2
2019,2103060,4,22,부산광역시,동구,수정5동,의료시설,병·의원,일평균(06-20시),승용차,2.23
2019,2103060,4,23,부산광역시,동구,수정5동,의료시설,종합병원,일평균(06-20시),승용차,5.01
2019,2103060,4,31,부산광역시,동구,수정5동,판매시설,대규모점포,일평균(06-20시),승용차,10.06
2019,2103060,4,32,부산광역시,동구,수정5동,판매시설,전통시장,일평균(06-20시),승용차,2.64
2019,2103066,4,21,부산광역시,동구,범일2동,의료시설,공공의료시설,일평균(06-20시),승용차,4.43
2019,2103066,4,22,부산광역시,동구,범일2동,의료시설,병·의원,일평균(06-20시),승용차,1.67
2019,2103066,4,23,부산광역시,동구,범일2동,의료시설,종합병원,일평균(06-20시),승용차,3.02
2019,2103066,4,31,부산광역시,동구,범일2동,판매시설,대규모점포,일평균(06-20시),승용차,3.11
2019,2103066,4,32,부산광역시,동구,범일2동,판매시설,전통시장,일평균(06-20시),승용차,2.56
2019,2103068,4,21,부산광역시,동구,범일5동,의료시설,공공의료시설,일평균(06-20시),승용차,5.87
2019,2103068,4,22,부산광역시,동구,범일5동,의료시설,병·의원,일평균(06-20시),승용차,2.11
2019,2103068,4,23,부산광역시,동구,범일5동,의료시설,종합병원,일평균(06-20시),승용차,4.49
2019,2103068,4,31,부산광역시,동구,범일5동,판매시설,대규모점포,일평균(06-20시),승용차,5.1
2019,2103068,4,32,부산광역시,동구,범일5동,판매시설,전통시장,일평균(06-20시),승용차,3.04
2019,2103070,4,21,부산광역시,동구,좌천동,의료시설,공공의료시설,일평균(06-20시),승용차,5.85
2019,2103070,4,22,부산광역시,동구,좌천동,의료시설,병·의원,일평균(06-20시),승용차,2.11
2019,2103070,4,23,부산광역시,동구,좌천동,의료시설,종합병원,일평균(06-20시),승용차,4.57
2019,2103070,4,31,부산광역시,동구,좌천동,판매시설,대규모점포,일평균(06-20시),승용차,8.41
2019,2103070,4,32,부산광역시,동구,좌천동,판매시설,전통시장,일평균(06-20시),승용차,2.49
2019,2103071,4,21,부산광역시,동구,범일1동,의료시설,공공의료시설,일평균(06-20시),승용차,5.96
2019,2103071,4,22,부산광역시,동구,범일1동,의료시설,병·의원,일평균(06-20시),승용차,1.19
2019,2103071,4,23,부산광역시,동구,범일1동,의료시설,종합병원,일평균(06-20시),승용차,5.38
2019,2103071,4,31,부산광역시,동구,범일1동,판매시설,대규모점포,일평균(06-20시),승용차,6.9
2019,2103071,4,32,부산광역시,동구,범일1동,판매시설,전통시장,일평균(06-20시),승용차,1.9
2019,2104053,4,21,부산광역시,영도구,남항동,의료시설,공공의료시설,일평균(06-20시),승용차,11.05
2019,2104053,4,22,부산광역시,영도구,남항동,의료시설,병·의원,일평균(06-20시),승용차,1.45
2019,2104053,4,23,부산광역시,영도구,남항동,의료시설,종합병원,일평균(06-20시),승용차,3.03
2019,2104053,4,31,부산광역시,영도구,남항동,판매시설,대규모점포,일평균(06-20시),승용차,4.78
2019,2104053,4,32,부산광역시,영도구,남항동,판매시설,전통시장,일평균(06-20시),승용차,3.66
2019,2104054,4,21,부산광역시,영도구,영선1동,의료시설,공공의료시설,일평균(06-20시),승용차,10.37
2019,2104054,4,22,부산광역시,영도구,영선1동,의료시설,병·의원,일평균(06-20시),승용차,0.79
2019,2104054,4,23,부산광역시,영도구,영선1동,의료시설,종합병원,일평균(06-20시),승용차,2.13
2019,2104054,4,31,부산광역시,영도구,영선1동,판매시설,대규모점포,일평균(06-20시),승용차,4.36
2019,2104054,4,32,부산광역시,영도구,영선1동,판매시설,전통시장,일평균(06-20시),승용차,1.54
2019,2104055,4,21,부산광역시,영도구,영선2동,의료시설,공공의료시설,일평균(06-20시),승용차,12.95
2019,2104055,4,22,부산광역시,영도구,영선2동,의료시설,병·의원,일평균(06-20시),승용차,1.95
2019,2104055,4,23,부산광역시,영도구,영선2동,의료시설,종합병원,일평균(06-20시),승용차,4.72
2019,2104055,4,31,부산광역시,영도구,영선2동,판매시설,대규모점포,일평균(06-20시),승용차,6.94
2019,2104055,4,32,부산광역시,영도구,영선2동,판매시설,전통시장,일평균(06-20시),승용차,4.25
2019,2104059,4,21,부산광역시,영도구,봉래1동,의료시설,공공의료시설,일평균(06-20시),승용차,9.28
2019,2104059,4,22,부산광역시,영도구,봉래1동,의료시설,병·의원,일평균(06-20시),승용차,1.66
2019,2104059,4,23,부산광역시,영도구,봉래1동,의료시설,종합병원,일평균(06-20시),승용차,1.8
2019,2104059,4,31,부산광역시,영도구,봉래1동,판매시설,대규모점포,일평균(06-20시),승용차,2.72
2019,2104059,4,32,부산광역시,영도구,봉래1동,판매시설,전통시장,일평균(06-20시),승용차,1.46
2019,2104063,4,21,부산광역시,영도구,청학1동,의료시설,공공의료시설,일평균(06-20시),승용차,6.71
2019,2104063,4,22,부산광역시,영도구,청학1동,의료시설,병·의원,일평균(06-20시),승용차,1.59
2019,2104063,4,23,부산광역시,영도구,청학1동,의료시설,종합병원,일평균(06-20시),승용차,4.83
2019,2104063,4,31,부산광역시,영도구,청학1동,판매시설,대규모점포,일평균(06-20시),승용차,5.58
2019,2104063,4,32,부산광역시,영도구,청학1동,판매시설,전통시장,일평균(06-20시),승용차,3.12
2019,2104064,4,21,부산광역시,영도구,청학2동,의료시설,공공의료시설,일평균(06-20시),승용차,4.49
2019,2104064,4,22,부산광역시,영도구,청학2동,의료시설,병·의원,일평균(06-20시),승용차,2.3
2019,2104064,4,23,부산광역시,영도구,청학2동,의료시설,종합병원,일평균(06-20시),승용차,7.71
2019,2104064,4,31,부산광역시,영도구,청학2동,판매시설,대규모점포,일평균(06-20시),승용차,8.4
2019,2104064,4,32,부산광역시,영도구,청학2동,판매시설,전통시장,일평균(06-20시),승용차,4.34
2019,2104065,4,21,부산광역시,영도구,동삼1동,의료시설,공공의료시설,일평균(06-20시),승용차,8.71
2019,2104065,4,22,부산광역시,영도구,동삼1동,의료시설,병·의원,일평균(06-20시),승용차,2.11
2019,2104065,4,23,부산광역시,영도구,동삼1동,의료시설,종합병원,일평균(06-20시),승용차,12.96
2019,2104065,4,31,부산광역시,영도구,동삼1동,판매시설,대규모점포,일평균(06-20시),승용차,13.87
2019,2104065,4,32,부산광역시,영도구,동삼1동,판매시설,전통시장,일평균(06-20시),승용차,9.83
2019,2104066,4,21,부산광역시,영도구,동삼2동,의료시설,공공의료시설,일평균(06-20시),승용차,10.93
2019,2104066,4,22,부산광역시,영도구,동삼2동,의료시설,병·의원,일평균(06-20시),승용차,5.06
2019,2104066,4,23,부산광역시,영도구,동삼2동,의료시설,종합병원,일평균(06-20시),승용차,15.78
2019,2104066,4,31,부산광역시,영도구,동삼2동,판매시설,대규모점포,일평균(06-20시),승용차,16.17
2019,2104066,4,32,부산광역시,영도구,동삼2동,판매시설,전통시장,일평균(06-20시),승용차,11.71
2019,2104067,4,21,부산광역시,영도구,동삼3동,의료시설,공공의료시설,일평균(06-20시),승용차,4.94
2019,2104067,4,22,부산광역시,영도구,동삼3동,의료시설,병·의원,일평균(06-20시),승용차,2.56
2019,2104067,4,23,부산광역시,영도구,동삼3동,의료시설,종합병원,일평균(06-20시),승용차,10.44
2019,2104067,4,31,부산광역시,영도구,동삼3동,판매시설,대규모점포,일평균(06-20시),승용차,10.85
2019,2104067,4,32,부산광역시,영도구,동삼3동,판매시설,전통시장,일평균(06-20시),승용차,6.43
2019,2104068,4,21,부산광역시,영도구,신선동,의료시설,공공의료시설,일평균(06-20시),승용차,12.14
2019,2104068,4,22,부산광역시,영도구,신선동,의료시설,병·의원,일평균(06-20시),승용차,1.7
2019,2104068,4,23,부산광역시,영도구,신선동,의료시설,종합병원,일평균(06-20시),승용차,4.21
2019,2104068,4,31,부산광역시,영도구,신선동,판매시설,대규모점포,일평균(06-20시),승용차,6.25
2019,2104068,4,32,부산광역시,영도구,신선동,판매시설,전통시장,일평균(06-20시),승용차,3.81
2019,2104069,4,21,부산광역시,영도구,봉래2동,의료시설,공공의료시설,일평균(06-20시),승용차,9.93
2019,2104069,4,22,부산광역시,영도구,봉래2동,의료시설,병·의원,일평균(06-20시),승용차,1.8
2019,2104069,4,23,부산광역시,영도구,봉래2동,의료시설,종합병원,일평균(06-20시),승용차,3.94
2019,2104069,4,31,부산광역시,영도구,봉래2동,판매시설,대규모점포,일평균(06-20시),승용차,5.01
2019,2104069,4,32,부산광역시,영도구,봉래2동,판매시설,전통시장,일평균(06-20시),승용차,3.88
2019,2105052,4,21,부산광역시,부산진구,부전2동,의료시설,공공의료시설,일평균(06-20시),승용차,4.18
2019,2105052,4,22,부산광역시,부산진구,부전2동,의료시설,병·의원,일평균(06-20시),승용차,1.99
2019,2105052,4,23,부산광역시,부산진구,부전2동,의료시설,종합병원,일평균(06-20시),승용차,3.92
2019,2105052,4,31,부산광역시,부산진구,부전2동,판매시설,대규모점포,일평균(06-20시),승용차,2.62
2019,2105052,4,32,부산광역시,부산진구,부전2동,판매시설,전통시장,일평균(06-20시),승용차,3.72
2019,2105054,4,21,부산광역시,부산진구,연지동,의료시설,공공의료시설,일평균(06-20시),승용차,10.36
2019,2105054,4,22,부산광역시,부산진구,연지동,의료시설,병·의원,일평균(06-20시),승용차,1.58
2019,2105054,4,23,부산광역시,부산진구,연지동,의료시설,종합병원,일평균(06-20시),승용차,6.17
2019,2105054,4,31,부산광역시,부산진구,연지동,판매시설,대규모점포,일평균(06-20시),승용차,4.57
2019,2105054,4,32,부산광역시,부산진구,연지동,판매시설,전통시장,일평균(06-20시),승용차,2.37
2019,2105055,4,21,부산광역시,부산진구,초읍동,의료시설,공공의료시설,일평균(06-20시),승용차,13.16
2019,2105055,4,22,부산광역시,부산진구,초읍동,의료시설,병·의원,일평균(06-20시),승용차,2.85
2019,2105055,4,23,부산광역시,부산진구,초읍동,의료시설,종합병원,일평균(06-20시),승용차,5.09
2019,2105055,4,31,부산광역시,부산진구,초읍동,판매시설,대규모점포,일평균(06-20시),승용차,6.44
2019,2105055,4,32,부산광역시,부산진구,초읍동,판매시설,전통시장,일평균(06-20시),승용차,2.93
2019,2105056,4,21,부산광역시,부산진구,양정1동,의료시설,공공의료시설,일평균(06-20시),승용차,7.25
2019,2105056,4,22,부산광역시,부산진구,양정1동,의료시설,병·의원,일평균(06-20시),승용차,2.15
2019,2105056,4,23,부산광역시,부산진구,양정1동,의료시설,종합병원,일평균(06-20시),승용차,6.61
2019,2105056,4,31,부산광역시,부산진구,양정1동,판매시설,대규모점포,일평균(06-20시),승용차,5.76
2019,2105056,4,32,부산광역시,부산진구,양정1동,판매시설,전통시장,일평균(06-20시),승용차,3.16
2019,2105057,4,21,부산광역시,부산진구,양정2동,의료시설,공공의료시설,일평균(06-20시),승용차,3.9
2019,2105057,4,22,부산광역시,부산진구,양정2동,의료시설,병·의원,일평균(06-20시),승용차,1.65
2019,2105057,4,23,부산광역시,부산진구,양정2동,의료시설,종합병원,일평균(06-20시),승용차,4.44
2019,2105057,4,31,부산광역시,부산진구,양정2동,판매시설,대규모점포,일평균(06-20시),승용차,3.78
2019,2105057,4,32,부산광역시,부산진구,양정2동,판매시설,전통시장,일평균(06-20시),승용차,2.77
2019,2105061,4,21,부산광역시,부산진구,전포2동,의료시설,공공의료시설,일평균(06-20시),승용차,7.58
2019,2105061,4,22,부산광역시,부산진구,전포2동,의료시설,병·의원,일평균(06-20시),승용차,1.89
2019,2105061,4,23,부산광역시,부산진구,전포2동,의료시설,종합병원,일평균(06-20시),승용차,7
2019,2105061,4,31,부산광역시,부산진구,전포2동,판매시설,대규모점포,일평균(06-20시),승용차,3.77
2019,2105061,4,32,부산광역시,부산진구,전포2동,판매시설,전통시장,일평균(06-20시),승용차,2.37
2019,2105064,4,21,부산광역시,부산진구,부암1동,의료시설,공공의료시설,일평균(06-20시),승용차,8.98
2019,2105064,4,22,부산광역시,부산진구,부암1동,의료시설,병·의원,일평균(06-20시),승용차,1.84
2019,2105064,4,23,부산광역시,부산진구,부암1동,의료시설,종합병원,일평균(06-20시),승용차,4.62
2019,2105064,4,31,부산광역시,부산진구,부암1동,판매시설,대규모점포,일평균(06-20시),승용차,2.97
2019,2105064,4,32,부산광역시,부산진구,부암1동,판매시설,전통시장,일평균(06-20시),승용차,2.06
2019,2105066,4,21,부산광역시,부산진구,부암3동,의료시설,공공의료시설,일평균(06-20시),승용차,14.59
2019,2105066,4,22,부산광역시,부산진구,부암3동,의료시설,병·의원,일평균(06-20시),승용차,1.79
2019,2105066,4,23,부산광역시,부산진구,부암3동,의료시설,종합병원,일평균(06-20시),승용차,10.54
2019,2105066,4,31,부산광역시,부산진구,부암3동,판매시설,대규모점포,일평균(06-20시),승용차,8.19
2019,2105066,4,32,부산광역시,부산진구,부암3동,판매시설,전통시장,일평균(06-20시),승용차,4.94
2019,2105068,4,21,부산광역시,부산진구,당감2동,의료시설,공공의료시설,일평균(06-20시),승용차,7.44
2019,2105068,4,22,부산광역시,부산진구,당감2동,의료시설,병·의원,일평균(06-20시),승용차,1.57
2019,2105068,4,23,부산광역시,부산진구,당감2동,의료시설,종합병원,일평균(06-20시),승용차,4.27
2019,2105068,4,31,부산광역시,부산진구,당감2동,판매시설,대규모점포,일평균(06-20시),승용차,4.48
2019,2105068,4,32,부산광역시,부산진구,당감2동,판매시설,전통시장,일평균(06-20시),승용차,4.18
2019,2105070,4,21,부산광역시,부산진구,당감4동,의료시설,공공의료시설,일평균(06-20시),승용차,13.08
2019,2105070,4,22,부산광역시,부산진구,당감4동,의료시설,병·의원,일평균(06-20시),승용차,2.29
2019,2105070,4,23,부산광역시,부산진구,당감4동,의료시설,종합병원,일평균(06-20시),승용차,9.14
2019,2105070,4,31,부산광역시,부산진구,당감4동,판매시설,대규모점포,일평균(06-20시),승용차,6.71
2019,2105070,4,32,부산광역시,부산진구,당감4동,판매시설,전통시장,일평균(06-20시),승용차,3.97
2019,2105072,4,21,부산광역시,부산진구,가야2동,의료시설,공공의료시설,일평균(06-20시),승용차,11.28
2019,2105072,4,22,부산광역시,부산진구,가야2동,의료시설,병·의원,일평균(06-20시),승용차,1.4
2019,2105072,4,23,부산광역시,부산진구,가야2동,의료시설,종합병원,일평균(06-20시),승용차,5.66
2019,2105072,4,31,부산광역시,부산진구,가야2동,판매시설,대규모점포,일평균(06-20시),승용차,3.61
2019,2105072,4,32,부산광역시,부산진구,가야2동,판매시설,전통시장,일평균(06-20시),승용차,2.26
2019,2105074,4,21,부산광역시,부산진구,개금1동,의료시설,공공의료시설,일평균(06-20시),승용차,9.87
2019,2105074,4,22,부산광역시,부산진구,개금1동,의료시설,병·의원,일평균(06-20시),승용차,1.3
2019,2105074,4,23,부산광역시,부산진구,개금1동,의료시설,종합병원,일평균(06-20시),승용차,3.9
2019,2105074,4,31,부산광역시,부산진구,개금1동,판매시설,대규모점포,일평균(06-20시),승용차,3.07
2019,2105074,4,32,부산광역시,부산진구,개금1동,판매시설,전통시장,일평균(06-20시),승용차,2.79
2019,2105075,4,21,부산광역시,부산진구,개금2동,의료시설,공공의료시설,일평균(06-20시),승용차,11.4
2019,2105075,4,22,부산광역시,부산진구,개금2동,의료시설,병·의원,일평균(06-20시),승용차,2.03
2019,2105075,4,23,부산광역시,부산진구,개금2동,의료시설,종합병원,일평균(06-20시),승용차,3.27
2019,2105075,4,31,부산광역시,부산진구,개금2동,판매시설,대규모점포,일평균(06-20시),승용차,5.97
2019,2105075,4,32,부산광역시,부산진구,개금2동,판매시설,전통시장,일평균(06-20시),승용차,2.03
2019,2105076,4,21,부산광역시,부산진구,개금3동,의료시설,공공의료시설,일평균(06-20시),승용차,11.33
2019,2105076,4,22,부산광역시,부산진구,개금3동,의료시설,병·의원,일평균(06-20시),승용차,1.65
2019,2105076,4,23,부산광역시,부산진구,개금3동,의료시설,종합병원,일평균(06-20시),승용차,5.9
2019,2105076,4,31,부산광역시,부산진구,개금3동,판매시설,대규모점포,일평균(06-20시),승용차,4.42
2019,2105076,4,32,부산광역시,부산진구,개금3동,판매시설,전통시장,일평균(06-20시),승용차,4.53
2019,2105077,4,21,부산광역시,부산진구,범천1동,의료시설,공공의료시설,일평균(06-20시),승용차,2.42
2019,2105077,4,22,부산광역시,부산진구,범천1동,의료시설,병·의원,일평균(06-20시),승용차,1.38
2019,2105077,4,23,부산광역시,부산진구,범천1동,의료시설,종합병원,일평균(06-20시),승용차,2.84
2019,2105077,4,31,부산광역시,부산진구,범천1동,판매시설,대규모점포,일평균(06-20시),승용차,2.2
2019,2105077,4,32,부산광역시,부산진구,범천1동,판매시설,전통시장,일평균(06-20시),승용차,2.91
2019,2105080,4,21,부산광역시,부산진구,당감제1동,의료시설,공공의료시설,일평균(06-20시),승용차,11.6
2019,2105080,4,22,부산광역시,부산진구,당감제1동,의료시설,병·의원,일평균(06-20시),승용차,1.87
2019,2105080,4,23,부산광역시,부산진구,당감제1동,의료시설,종합병원,일평균(06-20시),승용차,7.47
2019,2105080,4,31,부산광역시,부산진구,당감제1동,판매시설,대규모점포,일평균(06-20시),승용차,5.45
2019,2105080,4,32,부산광역시,부산진구,당감제1동,판매시설,전통시장,일평균(06-20시),승용차,2.5
2019,2105081,4,21,부산광역시,부산진구,가야제1동,의료시설,공공의료시설,일평균(06-20시),승용차,9.46
2019,2105081,4,22,부산광역시,부산진구,가야제1동,의료시설,병·의원,일평균(06-20시),승용차,2.07
2019,2105081,4,23,부산광역시,부산진구,가야제1동,의료시설,종합병원,일평균(06-20시),승용차,6.66
2019,2105081,4,31,부산광역시,부산진구,가야제1동,판매시설,대규모점포,일평균(06-20시),승용차,3.97
2019,2105081,4,32,부산광역시,부산진구,가야제1동,판매시설,전통시장,일평균(06-20시),승용차,3.16
2019,2105082,4,21,부산광역시,부산진구,부전1동,의료시설,공공의료시설,일평균(06-20시),승용차,7.69
2019,2105082,4,22,부산광역시,부산진구,부전1동,의료시설,병·의원,일평균(06-20시),승용차,1.66
2019,2105082,4,23,부산광역시,부산진구,부전1동,의료시설,종합병원,일평균(06-20시),승용차,6.26
2019,2105082,4,31,부산광역시,부산진구,부전1동,판매시설,대규모점포,일평균(06-20시),승용차,3.44
2019,2105082,4,32,부산광역시,부산진구,부전1동,판매시설,전통시장,일평균(06-20시),승용차,2.85
2019,2105083,4,21,부산광역시,부산진구,전포1동,의료시설,공공의료시설,일평균(06-20시),승용차,5.35
2019,2105083,4,22,부산광역시,부산진구,전포1동,의료시설,병·의원,일평균(06-20시),승용차,1.51
2019,2105083,4,23,부산광역시,부산진구,전포1동,의료시설,종합병원,일평균(06-20시),승용차,5.64
2019,2105083,4,31,부산광역시,부산진구,전포1동,판매시설,대규모점포,일평균(06-20시),승용차,2.43
2019,2105083,4,32,부산광역시,부산진구,전포1동,판매시설,전통시장,일평균(06-20시),승용차,3.88
2019,2105084,4,21,부산광역시,부산진구,범천2동,의료시설,공공의료시설,일평균(06-20시),승용차,5.81
2019,2105084,4,22,부산광역시,부산진구,범천2동,의료시설,병·의원,일평균(06-20시),승용차,2.04
2019,2105084,4,23,부산광역시,부산진구,범천2동,의료시설,종합병원,일평균(06-20시),승용차,5.2
2019,2105084,4,31,부산광역시,부산진구,범천2동,판매시설,대규모점포,일평균(06-20시),승용차,5.62
2019,2105084,4,32,부산광역시,부산진구,범천2동,판매시설,전통시장,일평균(06-20시),승용차,3.28
2019,2106051,4,21,부산광역시,동래구,수민동,의료시설,공공의료시설,일평균(06-20시),승용차,7.94
2019,2106051,4,22,부산광역시,동래구,수민동,의료시설,병·의원,일평균(06-20시),승용차,1.86
2019,2106051,4,23,부산광역시,동래구,수민동,의료시설,종합병원,일평균(06-20시),승용차,3.73
2019,2106051,4,31,부산광역시,동래구,수민동,판매시설,대규모점포,일평균(06-20시),승용차,3.55
2019,2106051,4,32,부산광역시,동래구,수민동,판매시설,전통시장,일평균(06-20시),승용차,3.39
2019,2106052,4,21,부산광역시,동래구,복산동,의료시설,공공의료시설,일평균(06-20시),승용차,5.99
2019,2106052,4,22,부산광역시,동래구,복산동,의료시설,병·의원,일평균(06-20시),승용차,2.32
2019,2106052,4,23,부산광역시,동래구,복산동,의료시설,종합병원,일평균(06-20시),승용차,5.71
2019,2106052,4,31,부산광역시,동래구,복산동,판매시설,대규모점포,일평균(06-20시),승용차,5.32
2019,2106052,4,32,부산광역시,동래구,복산동,판매시설,전통시장,일평균(06-20시),승용차,2.75
2019,2106055,4,21,부산광역시,동래구,온천1동,의료시설,공공의료시설,일평균(06-20시),승용차,4.04
2019,2106055,4,22,부산광역시,동래구,온천1동,의료시설,병·의원,일평균(06-20시),승용차,1.79
2019,2106055,4,23,부산광역시,동래구,온천1동,의료시설,종합병원,일평균(06-20시),승용차,6.11
2019,2106055,4,31,부산광역시,동래구,온천1동,판매시설,대규모점포,일평균(06-20시),승용차,2.61
2019,2106055,4,32,부산광역시,동래구,온천1동,판매시설,전통시장,일평균(06-20시),승용차,2.64
2019,2106056,4,21,부산광역시,동래구,온천2동,의료시설,공공의료시설,일평균(06-20시),승용차,4.76
2019,2106056,4,22,부산광역시,동래구,온천2동,의료시설,병·의원,일평균(06-20시),승용차,2.32
2019,2106056,4,23,부산광역시,동래구,온천2동,의료시설,종합병원,일평균(06-20시),승용차,3.49
2019,2106056,4,31,부산광역시,동래구,온천2동,판매시설,대규모점포,일평균(06-20시),승용차,4.09
2019,2106056,4,32,부산광역시,동래구,온천2동,판매시설,전통시장,일평균(06-20시),승용차,2.65
2019,2106057,4,21,부산광역시,동래구,온천3동,의료시설,공공의료시설,일평균(06-20시),승용차,7.5
2019,2106057,4,22,부산광역시,동래구,온천3동,의료시설,병·의원,일평균(06-20시),승용차,2.02
2019,2106057,4,23,부산광역시,동래구,온천3동,의료시설,종합병원,일평균(06-20시),승용차,3.29
2019,2106057,4,31,부산광역시,동래구,온천3동,판매시설,대규모점포,일평균(06-20시),승용차,5.95
2019,2106057,4,32,부산광역시,동래구,온천3동,판매시설,전통시장,일평균(06-20시),승용차,3.1
2019,2106058,4,21,부산광역시,동래구,사직1동,의료시설,공공의료시설,일평균(06-20시),승용차,8.72
2019,2106058,4,22,부산광역시,동래구,사직1동,의료시설,병·의원,일평균(06-20시),승용차,1.37
2019,2106058,4,23,부산광역시,동래구,사직1동,의료시설,종합병원,일평균(06-20시),승용차,4.19
2019,2106058,4,31,부산광역시,동래구,사직1동,판매시설,대규모점포,일평균(06-20시),승용차,3.95
2019,2106058,4,32,부산광역시,동래구,사직1동,판매시설,전통시장,일평균(06-20시),승용차,1.93
2019,2106059,4,21,부산광역시,동래구,사직2동,의료시설,공공의료시설,일평균(06-20시),승용차,11.28
2019,2106059,4,22,부산광역시,동래구,사직2동,의료시설,병·의원,일평균(06-20시),승용차,1.72
2019,2106059,4,23,부산광역시,동래구,사직2동,의료시설,종합병원,일평균(06-20시),승용차,5.99
2019,2106059,4,31,부산광역시,동래구,사직2동,판매시설,대규모점포,일평균(06-20시),승용차,5.17
2019,2106059,4,32,부산광역시,동래구,사직2동,판매시설,전통시장,일평균(06-20시),승용차,2.76
2019,2106060,4,21,부산광역시,동래구,사직3동,의료시설,공공의료시설,일평균(06-20시),승용차,7.41
2019,2106060,4,22,부산광역시,동래구,사직3동,의료시설,병·의원,일평균(06-20시),승용차,1.51
2019,2106060,4,23,부산광역시,동래구,사직3동,의료시설,종합병원,일평균(06-20시),승용차,4.7
2019,2106060,4,31,부산광역시,동래구,사직3동,판매시설,대규모점포,일평균(06-20시),승용차,3.56
2019,2106060,4,32,부산광역시,동래구,사직3동,판매시설,전통시장,일평균(06-20시),승용차,2.17
2019,2106061,4,21,부산광역시,동래구,안락1동,의료시설,공공의료시설,일평균(06-20시),승용차,8.51
2019,2106061,4,22,부산광역시,동래구,안락1동,의료시설,병·의원,일평균(06-20시),승용차,1.36
2019,2106061,4,23,부산광역시,동래구,안락1동,의료시설,종합병원,일평균(06-20시),승용차,3.65
2019,2106061,4,31,부산광역시,동래구,안락1동,판매시설,대규모점포,일평균(06-20시),승용차,5.49
2019,2106061,4,32,부산광역시,동래구,안락1동,판매시설,전통시장,일평균(06-20시),승용차,2.36
2019,2106062,4,21,부산광역시,동래구,안락2동,의료시설,공공의료시설,일평균(06-20시),승용차,7.4
2019,2106062,4,22,부산광역시,동래구,안락2동,의료시설,병·의원,일평균(06-20시),승용차,2.23
2019,2106062,4,23,부산광역시,동래구,안락2동,의료시설,종합병원,일평균(06-20시),승용차,6.58
2019,2106062,4,31,부산광역시,동래구,안락2동,판매시설,대규모점포,일평균(06-20시),승용차,7.28
2019,2106062,4,32,부산광역시,동래구,안락2동,판매시설,전통시장,일평균(06-20시),승용차,3.45
2019,2106063,4,21,부산광역시,동래구,명장1동,의료시설,공공의료시설,일평균(06-20시),승용차,10.49
2019,2106063,4,22,부산광역시,동래구,명장1동,의료시설,병·의원,일평균(06-20시),승용차,1.84
2019,2106063,4,23,부산광역시,동래구,명장1동,의료시설,종합병원,일평균(06-20시),승용차,6.16
2019,2106063,4,31,부산광역시,동래구,명장1동,판매시설,대규모점포,일평균(06-20시),승용차,8.08
2019,2106063,4,32,부산광역시,동래구,명장1동,판매시설,전통시장,일평균(06-20시),승용차,2.59
2019,2106064,4,21,부산광역시,동래구,명장2동,의료시설,공공의료시설,일평균(06-20시),승용차,9.75
2019,2106064,4,22,부산광역시,동래구,명장2동,의료시설,병·의원,일평균(06-20시),승용차,1.64
2019,2106064,4,23,부산광역시,동래구,명장2동,의료시설,종합병원,일평균(06-20시),승용차,6.06
2019,2106064,4,31,부산광역시,동래구,명장2동,판매시설,대규모점포,일평균(06-20시),승용차,7.49
2019,2106064,4,32,부산광역시,동래구,명장2동,판매시설,전통시장,일평균(06-20시),승용차,4.22
2019,2106065,4,21,부산광역시,동래구,명륜동,의료시설,공공의료시설,일평균(06-20시),승용차,4.31
2019,2106065,4,22,부산광역시,동래구,명륜동,의료시설,병·의원,일평균(06-20시),승용차,1.77
2019,2106065,4,23,부산광역시,동래구,명륜동,의료시설,종합병원,일평균(06-20시),승용차,5.17
2019,2106065,4,31,부산광역시,동래구,명륜동,판매시설,대규모점포,일평균(06-20시),승용차,3.82
2019,2106065,4,32,부산광역시,동래구,명륜동,판매시설,전통시장,일평균(06-20시),승용차,3.05
2019,2107053,4,21,부산광역시,남구,대연3동,의료시설,공공의료시설,일평균(06-20시),승용차,9.12
2019,2107053,4,22,부산광역시,남구,대연3동,의료시설,병·의원,일평균(06-20시),승용차,1.94
2019,2107053,4,23,부산광역시,남구,대연3동,의료시설,종합병원,일평균(06-20시),승용차,8.08
2019,2107053,4,31,부산광역시,남구,대연3동,판매시설,대규모점포,일평균(06-20시),승용차,5.85
2019,2107053,4,32,부산광역시,남구,대연3동,판매시설,전통시장,일평균(06-20시),승용차,4.55
2019,2107054,4,21,부산광역시,남구,대연4동,의료시설,공공의료시설,일평균(06-20시),승용차,7.51
2019,2107054,4,22,부산광역시,남구,대연4동,의료시설,병·의원,일평균(06-20시),승용차,2.05
2019,2107054,4,23,부산광역시,남구,대연4동,의료시설,종합병원,일평균(06-20시),승용차,12.2
2019,2107054,4,31,부산광역시,남구,대연4동,판매시설,대규모점포,일평균(06-20시),승용차,4.65
2019,2107054,4,32,부산광역시,남구,대연4동,판매시설,전통시장,일평균(06-20시),승용차,2.74
2019,2107055,4,21,부산광역시,남구,대연5동,의료시설,공공의료시설,일평균(06-20시),승용차,4.25
2019,2107055,4,22,부산광역시,남구,대연5동,의료시설,병·의원,일평균(06-20시),승용차,1.68
2019,2107055,4,23,부산광역시,남구,대연5동,의료시설,종합병원,일평균(06-20시),승용차,10.61
2019,2107055,4,31,부산광역시,남구,대연5동,판매시설,대규모점포,일평균(06-20시),승용차,9.58
2019,2107055,4,32,부산광역시,남구,대연5동,판매시설,전통시장,일평균(06-20시),승용차,2.41
2019,2107056,4,21,부산광역시,남구,대연6동,의료시설,공공의료시설,일평균(06-20시),승용차,3.02
2019,2107056,4,22,부산광역시,남구,대연6동,의료시설,병·의원,일평균(06-20시),승용차,1.73
2019,2107056,4,23,부산광역시,남구,대연6동,의료시설,종합병원,일평균(06-20시),승용차,8.85
2019,2107056,4,31,부산광역시,남구,대연6동,판매시설,대규모점포,일평균(06-20시),승용차,8.49
2019,2107056,4,32,부산광역시,남구,대연6동,판매시설,전통시장,일평균(06-20시),승용차,3.83
2019,2107057,4,21,부산광역시,남구,용호1동,의료시설,공공의료시설,일평균(06-20시),승용차,12.23
2019,2107057,4,22,부산광역시,남구,용호1동,의료시설,병·의원,일평균(06-20시),승용차,1.54
2019,2107057,4,23,부산광역시,남구,용호1동,의료시설,종합병원,일평균(06-20시),승용차,9.45
2019,2107057,4,31,부산광역시,남구,용호1동,판매시설,대규모점포,일평균(06-20시),승용차,5.46
2019,2107057,4,32,부산광역시,남구,용호1동,판매시설,전통시장,일평균(06-20시),승용차,3.17
2019,2107058,4,21,부산광역시,남구,용호2동,의료시설,공공의료시설,일평균(06-20시),승용차,18.74
2019,2107058,4,22,부산광역시,남구,용호2동,의료시설,병·의원,일평균(06-20시),승용차,3.21
2019,2107058,4,23,부산광역시,남구,용호2동,의료시설,종합병원,일평균(06-20시),승용차,5.74
2019,2107058,4,31,부산광역시,남구,용호2동,판매시설,대규모점포,일평균(06-20시),승용차,13.74
2019,2107058,4,32,부산광역시,남구,용호2동,판매시설,전통시장,일평균(06-20시),승용차,4.92
2019,2107059,4,21,부산광역시,남구,용호3동,의료시설,공공의료시설,일평균(06-20시),승용차,14.6
2019,2107059,4,22,부산광역시,남구,용호3동,의료시설,병·의원,일평균(06-20시),승용차,1.82
2019,2107059,4,23,부산광역시,남구,용호3동,의료시설,종합병원,일평균(06-20시),승용차,8.58
2019,2107059,4,31,부산광역시,남구,용호3동,판매시설,대규모점포,일평균(06-20시),승용차,8.04
2019,2107059,4,32,부산광역시,남구,용호3동,판매시설,전통시장,일평균(06-20시),승용차,2.8
2019,2107060,4,21,부산광역시,남구,용호4동,의료시설,공공의료시설,일평균(06-20시),승용차,17.46
2019,2107060,4,22,부산광역시,남구,용호4동,의료시설,병·의원,일평균(06-20시),승용차,1.6
2019,2107060,4,23,부산광역시,남구,용호4동,의료시설,종합병원,일평균(06-20시),승용차,5.12
2019,2107060,4,31,부산광역시,남구,용호4동,판매시설,대규모점포,일평균(06-20시),승용차,11.06
2019,2107060,4,32,부산광역시,남구,용호4동,판매시설,전통시장,일평균(06-20시),승용차,2.37
2019,2107061,4,21,부산광역시,남구,용당동,의료시설,공공의료시설,일평균(06-20시),승용차,10.56
2019,2107061,4,22,부산광역시,남구,용당동,의료시설,병·의원,일평균(06-20시),승용차,3.43
2019,2107061,4,23,부산광역시,남구,용당동,의료시설,종합병원,일평균(06-20시),승용차,10.88
2019,2107061,4,31,부산광역시,남구,용당동,판매시설,대규모점포,일평균(06-20시),승용차,7.43
2019,2107061,4,32,부산광역시,남구,용당동,판매시설,전통시장,일평균(06-20시),승용차,6.01
2019,2107062,4,21,부산광역시,남구,감만1동,의료시설,공공의료시설,일평균(06-20시),승용차,12.51
2019,2107062,4,22,부산광역시,남구,감만1동,의료시설,병·의원,일평균(06-20시),승용차,2.61
2019,2107062,4,23,부산광역시,남구,감만1동,의료시설,종합병원,일평균(06-20시),승용차,11.38
2019,2107062,4,31,부산광역시,남구,감만1동,판매시설,대규모점포,일평균(06-20시),승용차,5.03
2019,2107062,4,32,부산광역시,남구,감만1동,판매시설,전통시장,일평균(06-20시),승용차,2.94
2019,2107063,4,21,부산광역시,남구,감만2동,의료시설,공공의료시설,일평균(06-20시),승용차,9.54
2019,2107063,4,22,부산광역시,남구,감만2동,의료시설,병·의원,일평균(06-20시),승용차,1.59
2019,2107063,4,23,부산광역시,남구,감만2동,의료시설,종합병원,일평균(06-20시),승용차,10.82
2019,2107063,4,31,부산광역시,남구,감만2동,판매시설,대규모점포,일평균(06-20시),승용차,2.1
2019,2107063,4,32,부산광역시,남구,감만2동,판매시설,전통시장,일평균(06-20시),승용차,2.23
2019,2107066,4,21,부산광역시,남구,문현1동,의료시설,공공의료시설,일평균(06-20시),승용차,6.89
2019,2107066,4,22,부산광역시,남구,문현1동,의료시설,병·의원,일평균(06-20시),승용차,1.67
2019,2107066,4,23,부산광역시,남구,문현1동,의료시설,종합병원,일평균(06-20시),승용차,7.96
2019,2107066,4,31,부산광역시,남구,문현1동,판매시설,대규모점포,일평균(06-20시),승용차,6.37
2019,2107066,4,32,부산광역시,남구,문현1동,판매시설,전통시장,일평균(06-20시),승용차,6.66
2019,2107067,4,21,부산광역시,남구,문현2동,의료시설,공공의료시설,일평균(06-20시),승용차,5.14
2019,2107067,4,22,부산광역시,남구,문현2동,의료시설,병·의원,일평균(06-20시),승용차,1.61
2019,2107067,4,23,부산광역시,남구,문현2동,의료시설,종합병원,일평균(06-20시),승용차,4.7
2019,2107067,4,31,부산광역시,남구,문현2동,판매시설,대규모점포,일평균(06-20시),승용차,2.54
2019,2107067,4,32,부산광역시,남구,문현2동,판매시설,전통시장,일평균(06-20시),승용차,4.08
2019,2107068,4,21,부산광역시,남구,문현3동,의료시설,공공의료시설,일평균(06-20시),승용차,5.91
2019,2107068,4,22,부산광역시,남구,문현3동,의료시설,병·의원,일평균(06-20시),승용차,2.04
2019,2107068,4,23,부산광역시,남구,문현3동,의료시설,종합병원,일평균(06-20시),승용차,5.58
2019,2107068,4,31,부산광역시,남구,문현3동,판매시설,대규모점포,일평균(06-20시),승용차,4.99
2019,2107068,4,32,부산광역시,남구,문현3동,판매시설,전통시장,일평균(06-20시),승용차,5.16
2019,2107069,4,21,부산광역시,남구,문현4동,의료시설,공공의료시설,일평균(06-20시),승용차,5.48
2019,2107069,4,22,부산광역시,남구,문현4동,의료시설,병·의원,일평균(06-20시),승용차,1.53
2019,2107069,4,23,부산광역시,남구,문현4동,의료시설,종합병원,일평균(06-20시),승용차,5.62
2019,2107069,4,31,부산광역시,남구,문현4동,판매시설,대규모점포,일평균(06-20시),승용차,5.37
2019,2107069,4,32,부산광역시,남구,문현4동,판매시설,전통시장,일평균(06-20시),승용차,4.28
2019,2107070,4,21,부산광역시,남구,대연1동,의료시설,공공의료시설,일평균(06-20시),승용차,4.96
2019,2107070,4,22,부산광역시,남구,대연1동,의료시설,병·의원,일평균(06-20시),승용차,1.9
2019,2107070,4,23,부산광역시,남구,대연1동,의료시설,종합병원,일평균(06-20시),승용차,9.84
2019,2107070,4,31,부산광역시,남구,대연1동,판매시설,대규모점포,일평균(06-20시),승용차,6.6
2019,2107070,4,32,부산광역시,남구,대연1동,판매시설,전통시장,일평균(06-20시),승용차,2.88
2019,2107071,4,21,부산광역시,남구,우암동,의료시설,공공의료시설,일평균(06-20시),승용차,8.43
2019,2107071,4,22,부산광역시,남구,우암동,의료시설,병·의원,일평균(06-20시),승용차,1.51
2019,2107071,4,23,부산광역시,남구,우암동,의료시설,종합병원,일평균(06-20시),승용차,8.94
2019,2107071,4,31,부산광역시,남구,우암동,판매시설,대규모점포,일평균(06-20시),승용차,3.53
2019,2107071,4,32,부산광역시,남구,우암동,판매시설,전통시장,일평균(06-20시),승용차,3.11
2019,2108051,4,21,부산광역시,북구,구포1동,의료시설,공공의료시설,일평균(06-20시),승용차,5.69
2019,2108051,4,22,부산광역시,북구,구포1동,의료시설,병·의원,일평균(06-20시),승용차,2.59
2019,2108051,4,23,부산광역시,북구,구포1동,의료시설,종합병원,일평균(06-20시),승용차,3.41
2019,2108051,4,31,부산광역시,북구,구포1동,판매시설,대규모점포,일평균(06-20시),승용차,3.56
2019,2108051,4,32,부산광역시,북구,구포1동,판매시설,전통시장,일평균(06-20시),승용차,2.93
2019,2108052,4,21,부산광역시,북구,구포2동,의료시설,공공의료시설,일평균(06-20시),승용차,8.9
2019,2108052,4,22,부산광역시,북구,구포2동,의료시설,병·의원,일평균(06-20시),승용차,1.82
2019,2108052,4,23,부산광역시,북구,구포2동,의료시설,종합병원,일평균(06-20시),승용차,6.35
2019,2108052,4,31,부산광역시,북구,구포2동,판매시설,대규모점포,일평균(06-20시),승용차,6.21
2019,2108052,4,32,부산광역시,북구,구포2동,판매시설,전통시장,일평균(06-20시),승용차,3.24
2019,2108053,4,21,부산광역시,북구,구포3동,의료시설,공공의료시설,일평균(06-20시),승용차,9.45
2019,2108053,4,22,부산광역시,북구,구포3동,의료시설,병·의원,일평균(06-20시),승용차,1.3
2019,2108053,4,23,부산광역시,북구,구포3동,의료시설,종합병원,일평균(06-20시),승용차,7
2019,2108053,4,31,부산광역시,북구,구포3동,판매시설,대규모점포,일평균(06-20시),승용차,6.78
2019,2108053,4,32,부산광역시,북구,구포3동,판매시설,전통시장,일평균(06-20시),승용차,5.75
2019,2108054,4,21,부산광역시,북구,금곡동,의료시설,공공의료시설,일평균(06-20시),승용차,5.73
2019,2108054,4,22,부산광역시,북구,금곡동,의료시설,병·의원,일평균(06-20시),승용차,1.69
2019,2108054,4,23,부산광역시,북구,금곡동,의료시설,종합병원,일평균(06-20시),승용차,13.1
2019,2108054,4,31,부산광역시,북구,금곡동,판매시설,대규모점포,일평균(06-20시),승용차,3.59
2019,2108054,4,32,부산광역시,북구,금곡동,판매시설,전통시장,일평균(06-20시),승용차,13.8
2019,2108055,4,21,부산광역시,북구,화명1동,의료시설,공공의료시설,일평균(06-20시),승용차,4.4
2019,2108055,4,22,부산광역시,북구,화명1동,의료시설,병·의원,일평균(06-20시),승용차,1.93
2019,2108055,4,23,부산광역시,북구,화명1동,의료시설,종합병원,일평균(06-20시),승용차,6.97
2019,2108055,4,31,부산광역시,북구,화명1동,판매시설,대규모점포,일평균(06-20시),승용차,3.79
2019,2108055,4,32,부산광역시,북구,화명1동,판매시설,전통시장,일평균(06-20시),승용차,7.68
2019,2108056,4,21,부산광역시,북구,덕천1동,의료시설,공공의료시설,일평균(06-20시),승용차,2.52
2019,2108056,4,22,부산광역시,북구,덕천1동,의료시설,병·의원,일평균(06-20시),승용차,1.86
2019,2108056,4,23,부산광역시,북구,덕천1동,의료시설,종합병원,일평균(06-20시),승용차,3.05
2019,2108056,4,31,부산광역시,북구,덕천1동,판매시설,대규모점포,일평균(06-20시),승용차,4.64
2019,2108056,4,32,부산광역시,북구,덕천1동,판매시설,전통시장,일평균(06-20시),승용차,2.97
2019,2108057,4,21,부산광역시,북구,덕천2동,의료시설,공공의료시설,일평균(06-20시),승용차,3.78
2019,2108057,4,22,부산광역시,북구,덕천2동,의료시설,병·의원,일평균(06-20시),승용차,2.22
2019,2108057,4,23,부산광역시,북구,덕천2동,의료시설,종합병원,일평균(06-20시),승용차,2.9
2019,2108057,4,31,부산광역시,북구,덕천2동,판매시설,대규모점포,일평균(06-20시),승용차,3.46
2019,2108057,4,32,부산광역시,북구,덕천2동,판매시설,전통시장,일평균(06-20시),승용차,3.37
2019,2108058,4,21,부산광역시,북구,덕천3동,의료시설,공공의료시설,일평균(06-20시),승용차,4.74
2019,2108058,4,22,부산광역시,북구,덕천3동,의료시설,병·의원,일평균(06-20시),승용차,2.15
2019,2108058,4,23,부산광역시,북구,덕천3동,의료시설,종합병원,일평균(06-20시),승용차,4.33
2019,2108058,4,31,부산광역시,북구,덕천3동,판매시설,대규모점포,일평균(06-20시),승용차,5.5
2019,2108058,4,32,부산광역시,북구,덕천3동,판매시설,전통시장,일평균(06-20시),승용차,4.81
2019,2108059,4,21,부산광역시,북구,만덕1동,의료시설,공공의료시설,일평균(06-20시),승용차,4.91
2019,2108059,4,22,부산광역시,북구,만덕1동,의료시설,병·의원,일평균(06-20시),승용차,2.09
2019,2108059,4,23,부산광역시,북구,만덕1동,의료시설,종합병원,일평균(06-20시),승용차,5.66
2019,2108059,4,31,부산광역시,북구,만덕1동,판매시설,대규모점포,일평균(06-20시),승용차,7.25
2019,2108059,4,32,부산광역시,북구,만덕1동,판매시설,전통시장,일평균(06-20시),승용차,2.86
2019,2108060,4,21,부산광역시,북구,만덕2동,의료시설,공공의료시설,일평균(06-20시),승용차,7.64
2019,2108060,4,22,부산광역시,북구,만덕2동,의료시설,병·의원,일평균(06-20시),승용차,2.46
2019,2108060,4,23,부산광역시,북구,만덕2동,의료시설,종합병원,일평균(06-20시),승용차,8.35
2019,2108060,4,31,부산광역시,북구,만덕2동,판매시설,대규모점포,일평균(06-20시),승용차,9.87
2019,2108060,4,32,부산광역시,북구,만덕2동,판매시설,전통시장,일평균(06-20시),승용차,3.79
2019,2108061,4,21,부산광역시,북구,만덕3동,의료시설,공공의료시설,일평균(06-20시),승용차,5.68
2019,2108061,4,22,부산광역시,북구,만덕3동,의료시설,병·의원,일평균(06-20시),승용차,1.98
2019,2108061,4,23,부산광역시,북구,만덕3동,의료시설,종합병원,일평균(06-20시),승용차,6.11
2019,2108061,4,31,부산광역시,북구,만덕3동,판매시설,대규모점포,일평균(06-20시),승용차,7.57
2019,2108061,4,32,부산광역시,북구,만덕3동,판매시설,전통시장,일평균(06-20시),승용차,4.61
2019,2108062,4,21,부산광역시,북구,화명2동,의료시설,공공의료시설,일평균(06-20시),승용차,3.21
2019,2108062,4,22,부산광역시,북구,화명2동,의료시설,병·의원,일평균(06-20시),승용차,1.68
2019,2108062,4,23,부산광역시,북구,화명2동,의료시설,종합병원,일평균(06-20시),승용차,11.39
2019,2108062,4,31,부산광역시,북구,화명2동,판매시설,대규모점포,일평균(06-20시),승용차,4.08
2019,2108062,4,32,부산광역시,북구,화명2동,판매시설,전통시장,일평균(06-20시),승용차,12.07
2019,2108063,4,21,부산광역시,북구,화명3동,의료시설,공공의료시설,일평균(06-20시),승용차,4.27
2019,2108063,4,22,부산광역시,북구,화명3동,의료시설,병·의원,일평균(06-20시),승용차,1.71
2019,2108063,4,23,부산광역시,북구,화명3동,의료시설,종합병원,일평균(06-20시),승용차,7.98
2019,2108063,4,31,부산광역시,북구,화명3동,판매시설,대규모점포,일평균(06-20시),승용차,3.59
2019,2108063,4,32,부산광역시,북구,화명3동,판매시설,전통시장,일평균(06-20시),승용차,8.69
2019,2109053,4,21,부산광역시,해운대구,중1동,의료시설,공공의료시설,일평균(06-20시),승용차,4.88
2019,2109053,4,22,부산광역시,해운대구,중1동,의료시설,병·의원,일평균(06-20시),승용차,1.67
2019,2109053,4,23,부산광역시,해운대구,중1동,의료시설,종합병원,일평균(06-20시),승용차,5.16
2019,2109053,4,31,부산광역시,해운대구,중1동,판매시설,대규모점포,일평균(06-20시),승용차,3.67
2019,2109053,4,32,부산광역시,해운대구,중1동,판매시설,전통시장,일평균(06-20시),승용차,4.13
2019,2109054,4,21,부산광역시,해운대구,중2동,의료시설,공공의료시설,일평균(06-20시),승용차,4.47
2019,2109054,4,22,부산광역시,해운대구,중2동,의료시설,병·의원,일평균(06-20시),승용차,2.08
2019,2109054,4,23,부산광역시,해운대구,중2동,의료시설,종합병원,일평균(06-20시),승용차,6.56
2019,2109054,4,31,부산광역시,해운대구,중2동,판매시설,대규모점포,일평균(06-20시),승용차,6.43
2019,2109054,4,32,부산광역시,해운대구,중2동,판매시설,전통시장,일평균(06-20시),승용차,7.32
2019,2109056,4,21,부산광역시,해운대구,송정동,의료시설,공공의료시설,일평균(06-20시),승용차,12.21
2019,2109056,4,22,부산광역시,해운대구,송정동,의료시설,병·의원,일평균(06-20시),승용차,2.88
2019,2109056,4,23,부산광역시,해운대구,송정동,의료시설,종합병원,일평균(06-20시),승용차,7.61
2019,2109056,4,31,부산광역시,해운대구,송정동,판매시설,대규모점포,일평균(06-20시),승용차,6.98
2019,2109056,4,32,부산광역시,해운대구,송정동,판매시설,전통시장,일평균(06-20시),승용차,8.79
2019,2109058,4,21,부산광역시,해운대구,반여2동,의료시설,공공의료시설,일평균(06-20시),승용차,4.13
2019,2109058,4,22,부산광역시,해운대구,반여2동,의료시설,병·의원,일평균(06-20시),승용차,1.38
2019,2109058,4,23,부산광역시,해운대구,반여2동,의료시설,종합병원,일평균(06-20시),승용차,12.53
2019,2109058,4,31,부산광역시,해운대구,반여2동,판매시설,대규모점포,일평균(06-20시),승용차,8.25
2019,2109058,4,32,부산광역시,해운대구,반여2동,판매시설,전통시장,일평균(06-20시),승용차,1.78
2019,2109059,4,21,부산광역시,해운대구,반여3동,의료시설,공공의료시설,일평균(06-20시),승용차,6.68
2019,2109059,4,22,부산광역시,해운대구,반여3동,의료시설,병·의원,일평균(06-20시),승용차,1.47
2019,2109059,4,23,부산광역시,해운대구,반여3동,의료시설,종합병원,일평균(06-20시),승용차,14.85
2019,2109059,4,31,부산광역시,해운대구,반여3동,판매시설,대규모점포,일평균(06-20시),승용차,8.71
2019,2109059,4,32,부산광역시,해운대구,반여3동,판매시설,전통시장,일평균(06-20시),승용차,1.73
2019,2109062,4,21,부산광역시,해운대구,반송2동,의료시설,공공의료시설,일평균(06-20시),승용차,4.58
2019,2109062,4,22,부산광역시,해운대구,반송2동,의료시설,병·의원,일평균(06-20시),승용차,1.58
2019,2109062,4,23,부산광역시,해운대구,반송2동,의료시설,종합병원,일평균(06-20시),승용차,21.87
2019,2109062,4,31,부산광역시,해운대구,반송2동,판매시설,대규모점포,일평균(06-20시),승용차,16.71
2019,2109062,4,32,부산광역시,해운대구,반송2동,판매시설,전통시장,일평균(06-20시),승용차,5.61
2019,2109064,4,21,부산광역시,해운대구,재송1동,의료시설,공공의료시설,일평균(06-20시),승용차,5.24
2019,2109064,4,22,부산광역시,해운대구,재송1동,의료시설,병·의원,일평균(06-20시),승용차,1.57
2019,2109064,4,23,부산광역시,해운대구,재송1동,의료시설,종합병원,일평균(06-20시),승용차,10.59
2019,2109064,4,31,부산광역시,해운대구,재송1동,판매시설,대규모점포,일평균(06-20시),승용차,4.74
2019,2109064,4,32,부산광역시,해운대구,재송1동,판매시설,전통시장,일평균(06-20시),승용차,3.93
2019,2109065,4,21,부산광역시,해운대구,재송2동,의료시설,공공의료시설,일평균(06-20시),승용차,4.65
2019,2109065,4,22,부산광역시,해운대구,재송2동,의료시설,병·의원,일평균(06-20시),승용차,1.8
2019,2109065,4,23,부산광역시,해운대구,재송2동,의료시설,종합병원,일평균(06-20시),승용차,12.25
2019,2109065,4,31,부산광역시,해운대구,재송2동,판매시설,대규모점포,일평균(06-20시),승용차,7.93
2019,2109065,4,32,부산광역시,해운대구,재송2동,판매시설,전통시장,일평균(06-20시),승용차,3.55
2019,2109066,4,21,부산광역시,해운대구,좌1동,의료시설,공공의료시설,일평균(06-20시),승용차,6.01
2019,2109066,4,22,부산광역시,해운대구,좌1동,의료시설,병·의원,일평균(06-20시),승용차,1.72
2019,2109066,4,23,부산광역시,해운대구,좌1동,의료시설,종합병원,일평균(06-20시),승용차,3.42
2019,2109066,4,31,부산광역시,해운대구,좌1동,판매시설,대규모점포,일평균(06-20시),승용차,2.58
2019,2109066,4,32,부산광역시,해운대구,좌1동,판매시설,전통시장,일평균(06-20시),승용차,2.77
2019,2109067,4,21,부산광역시,해운대구,좌2동,의료시설,공공의료시설,일평균(06-20시),승용차,3.91
2019,2109067,4,22,부산광역시,해운대구,좌2동,의료시설,병·의원,일평균(06-20시),승용차,1.52
2019,2109067,4,23,부산광역시,해운대구,좌2동,의료시설,종합병원,일평균(06-20시),승용차,3.66
2019,2109067,4,31,부산광역시,해운대구,좌2동,판매시설,대규모점포,일평균(06-20시),승용차,3.73
2019,2109067,4,32,부산광역시,해운대구,좌2동,판매시설,전통시장,일평균(06-20시),승용차,4.84
2019,2109068,4,21,부산광역시,해운대구,좌3동,의료시설,공공의료시설,일평균(06-20시),승용차,7.37
2019,2109068,4,22,부산광역시,해운대구,좌3동,의료시설,병·의원,일평균(06-20시),승용차,2.2
2019,2109068,4,23,부산광역시,해운대구,좌3동,의료시설,종합병원,일평균(06-20시),승용차,5.83
2019,2109068,4,31,부산광역시,해운대구,좌3동,판매시설,대규모점포,일평균(06-20시),승용차,4.54
2019,2109068,4,32,부산광역시,해운대구,좌3동,판매시설,전통시장,일평균(06-20시),승용차,4.09
2019,2109069,4,21,부산광역시,해운대구,좌4동,의료시설,공공의료시설,일평균(06-20시),승용차,8.32
2019,2109069,4,22,부산광역시,해운대구,좌4동,의료시설,병·의원,일평균(06-20시),승용차,2.98
2019,2109069,4,23,부산광역시,해운대구,좌4동,의료시설,종합병원,일평균(06-20시),승용차,4.34
2019,2109069,4,31,부산광역시,해운대구,좌4동,판매시설,대규모점포,일평균(06-20시),승용차,4.82
2019,2109069,4,32,부산광역시,해운대구,좌4동,판매시설,전통시장,일평균(06-20시),승용차,4.48
2019,2109070,4,21,부산광역시,해운대구,반여1동,의료시설,공공의료시설,일평균(06-20시),승용차,6.3
2019,2109070,4,22,부산광역시,해운대구,반여1동,의료시설,병·의원,일평균(06-20시),승용차,1.84
2019,2109070,4,23,부산광역시,해운대구,반여1동,의료시설,종합병원,일평균(06-20시),승용차,11.25
2019,2109070,4,31,부산광역시,해운대구,반여1동,판매시설,대규모점포,일평균(06-20시),승용차,4.14
2019,2109070,4,32,부산광역시,해운대구,반여1동,판매시설,전통시장,일평균(06-20시),승용차,3.56
2019,2109071,4,21,부산광역시,해운대구,반여4동,의료시설,공공의료시설,일평균(06-20시),승용차,10
2019,2109071,4,22,부산광역시,해운대구,반여4동,의료시설,병·의원,일평균(06-20시),승용차,2.78
2019,2109071,4,23,부산광역시,해운대구,반여4동,의료시설,종합병원,일평균(06-20시),승용차,10.09
2019,2109071,4,31,부산광역시,해운대구,반여4동,판매시설,대규모점포,일평균(06-20시),승용차,7.16
2019,2109071,4,32,부산광역시,해운대구,반여4동,판매시설,전통시장,일평균(06-20시),승용차,3.89
2019,2109072,4,21,부산광역시,해운대구,반송1동,의료시설,공공의료시설,일평균(06-20시),승용차,3.68
2019,2109072,4,22,부산광역시,해운대구,반송1동,의료시설,병·의원,일평균(06-20시),승용차,1.67
2019,2109072,4,23,부산광역시,해운대구,반송1동,의료시설,종합병원,일평균(06-20시),승용차,18.56
2019,2109072,4,31,부산광역시,해운대구,반송1동,판매시설,대규모점포,일평균(06-20시),승용차,14.98
2019,2109072,4,32,부산광역시,해운대구,반송1동,판매시설,전통시장,일평균(06-20시),승용차,1.95
2019,2109073,4,21,부산광역시,해운대구,우1동,의료시설,공공의료시설,일평균(06-20시),승용차,9.99
2019,2109073,4,22,부산광역시,해운대구,우1동,의료시설,병·의원,일평균(06-20시),승용차,2.35
2019,2109073,4,23,부산광역시,해운대구,우1동,의료시설,종합병원,일평균(06-20시),승용차,3.95
2019,2109073,4,31,부산광역시,해운대구,우1동,판매시설,대규모점포,일평균(06-20시),승용차,4.15
2019,2109073,4,32,부산광역시,해운대구,우1동,판매시설,전통시장,일평균(06-20시),승용차,3.6
2019,2109074,4,21,부산광역시,해운대구,우2동,의료시설,공공의료시설,일평균(06-20시),승용차,10.59
2019,2109074,4,22,부산광역시,해운대구,우2동,의료시설,병·의원,일평균(06-20시),승용차,1.78
2019,2109074,4,23,부산광역시,해운대구,우2동,의료시설,종합병원,일평균(06-20시),승용차,7.31
2019,2109074,4,31,부산광역시,해운대구,우2동,판매시설,대규모점포,일평균(06-20시),승용차,3.52
2019,2109074,4,32,부산광역시,해운대구,우2동,판매시설,전통시장,일평균(06-20시),승용차,3.28
2019,2109075,4,21,부산광역시,해운대구,우3동,의료시설,공공의료시설,일평균(06-20시),승용차,11.23
2019,2109075,4,22,부산광역시,해운대구,우3동,의료시설,병·의원,일평균(06-20시),승용차,1.84
2019,2109075,4,23,부산광역시,해운대구,우3동,의료시설,종합병원,일평균(06-20시),승용차,5.84
2019,2109075,4,31,부산광역시,해운대구,우3동,판매시설,대규모점포,일평균(06-20시),승용차,2.54
2019,2109075,4,32,부산광역시,해운대구,우3동,판매시설,전통시장,일평균(06-20시),승용차,6.83
2019,2110051,4,21,부산광역시,사하구,괴정1동,의료시설,공공의료시설,일평균(06-20시),승용차,10.79
2019,2110051,4,22,부산광역시,사하구,괴정1동,의료시설,병·의원,일평균(06-20시),승용차,1.86
2019,2110051,4,23,부산광역시,사하구,괴정1동,의료시설,종합병원,일평균(06-20시),승용차,9.58
2019,2110051,4,31,부산광역시,사하구,괴정1동,판매시설,대규모점포,일평균(06-20시),승용차,3.52
2019,2110051,4,32,부산광역시,사하구,괴정1동,판매시설,전통시장,일평균(06-20시),승용차,2.64
2019,2110052,4,21,부산광역시,사하구,괴정2동,의료시설,공공의료시설,일평균(06-20시),승용차,7.62
2019,2110052,4,22,부산광역시,사하구,괴정2동,의료시설,병·의원,일평균(06-20시),승용차,2.31
2019,2110052,4,23,부산광역시,사하구,괴정2동,의료시설,종합병원,일평균(06-20시),승용차,5.85
2019,2110052,4,31,부산광역시,사하구,괴정2동,판매시설,대규모점포,일평균(06-20시),승용차,5.21
2019,2110052,4,32,부산광역시,사하구,괴정2동,판매시설,전통시장,일평균(06-20시),승용차,3.83
2019,2110053,4,21,부산광역시,사하구,괴정3동,의료시설,공공의료시설,일평균(06-20시),승용차,8.75
2019,2110053,4,22,부산광역시,사하구,괴정3동,의료시설,병·의원,일평균(06-20시),승용차,1.38
2019,2110053,4,23,부산광역시,사하구,괴정3동,의료시설,종합병원,일평균(06-20시),승용차,7.25
2019,2110053,4,31,부산광역시,사하구,괴정3동,판매시설,대규모점포,일평균(06-20시),승용차,2.93
2019,2110053,4,32,부산광역시,사하구,괴정3동,판매시설,전통시장,일평균(06-20시),승용차,2.17
2019,2110054,4,21,부산광역시,사하구,괴정4동,의료시설,공공의료시설,일평균(06-20시),승용차,10.16
2019,2110054,4,22,부산광역시,사하구,괴정4동,의료시설,병·의원,일평균(06-20시),승용차,1.42
2019,2110054,4,23,부산광역시,사하구,괴정4동,의료시설,종합병원,일평균(06-20시),승용차,11.33
2019,2110054,4,31,부산광역시,사하구,괴정4동,판매시설,대규모점포,일평균(06-20시),승용차,5.53
2019,2110054,4,32,부산광역시,사하구,괴정4동,판매시설,전통시장,일평균(06-20시),승용차,2.95
2019,2110055,4,21,부산광역시,사하구,당리동,의료시설,공공의료시설,일평균(06-20시),승용차,9.92
2019,2110055,4,22,부산광역시,사하구,당리동,의료시설,병·의원,일평균(06-20시),승용차,1.98
2019,2110055,4,23,부산광역시,사하구,당리동,의료시설,종합병원,일평균(06-20시),승용차,14.26
2019,2110055,4,31,부산광역시,사하구,당리동,판매시설,대규모점포,일평균(06-20시),승용차,8.13
2019,2110055,4,32,부산광역시,사하구,당리동,판매시설,전통시장,일평균(06-20시),승용차,3.09
2019,2110056,4,21,부산광역시,사하구,하단1동,의료시설,공공의료시설,일평균(06-20시),승용차,5.24
2019,2110056,4,22,부산광역시,사하구,하단1동,의료시설,병·의원,일평균(06-20시),승용차,1.75
2019,2110056,4,23,부산광역시,사하구,하단1동,의료시설,종합병원,일평균(06-20시),승용차,16.79
2019,2110056,4,31,부산광역시,사하구,하단1동,판매시설,대규모점포,일평균(06-20시),승용차,4.24
2019,2110056,4,32,부산광역시,사하구,하단1동,판매시설,전통시장,일평균(06-20시),승용차,2.56
2019,2110057,4,21,부산광역시,사하구,하단2동,의료시설,공공의료시설,일평균(06-20시),승용차,7.68
2019,2110057,4,22,부산광역시,사하구,하단2동,의료시설,병·의원,일평균(06-20시),승용차,2.11
2019,2110057,4,23,부산광역시,사하구,하단2동,의료시설,종합병원,일평균(06-20시),승용차,18.08
2019,2110057,4,31,부산광역시,사하구,하단2동,판매시설,대규모점포,일평균(06-20시),승용차,6.45
2019,2110057,4,32,부산광역시,사하구,하단2동,판매시설,전통시장,일평균(06-20시),승용차,3.46
2019,2110058,4,21,부산광역시,사하구,신평1동,의료시설,공공의료시설,일평균(06-20시),승용차,6.72
2019,2110058,4,22,부산광역시,사하구,신평1동,의료시설,병·의원,일평균(06-20시),승용차,1.68
2019,2110058,4,23,부산광역시,사하구,신평1동,의료시설,종합병원,일평균(06-20시),승용차,15.93
2019,2110058,4,31,부산광역시,사하구,신평1동,판매시설,대규모점포,일평균(06-20시),승용차,5.04
2019,2110058,4,32,부산광역시,사하구,신평1동,판매시설,전통시장,일평균(06-20시),승용차,3.16
2019,2110059,4,21,부산광역시,사하구,신평2동,의료시설,공공의료시설,일평균(06-20시),승용차,4.34
2019,2110059,4,22,부산광역시,사하구,신평2동,의료시설,병·의원,일평균(06-20시),승용차,2.05
2019,2110059,4,23,부산광역시,사하구,신평2동,의료시설,종합병원,일평균(06-20시),승용차,19.46
2019,2110059,4,31,부산광역시,사하구,신평2동,판매시설,대규모점포,일평균(06-20시),승용차,2.81
2019,2110059,4,32,부산광역시,사하구,신평2동,판매시설,전통시장,일평균(06-20시),승용차,4.01
2019,2110060,4,21,부산광역시,사하구,장림1동,의료시설,공공의료시설,일평균(06-20시),승용차,7.6
2019,2110060,4,22,부산광역시,사하구,장림1동,의료시설,병·의원,일평균(06-20시),승용차,2.33
2019,2110060,4,23,부산광역시,사하구,장림1동,의료시설,종합병원,일평균(06-20시),승용차,18.33
2019,2110060,4,31,부산광역시,사하구,장림1동,판매시설,대규모점포,일평균(06-20시),승용차,4.22
2019,2110060,4,32,부산광역시,사하구,장림1동,판매시설,전통시장,일평균(06-20시),승용차,3.88
2019,2110061,4,21,부산광역시,사하구,장림2동,의료시설,공공의료시설,일평균(06-20시),승용차,10.87
2019,2110061,4,22,부산광역시,사하구,장림2동,의료시설,병·의원,일평균(06-20시),승용차,2.1
2019,2110061,4,23,부산광역시,사하구,장림2동,의료시설,종합병원,일평균(06-20시),승용차,15.72
2019,2110061,4,31,부산광역시,사하구,장림2동,판매시설,대규모점포,일평균(06-20시),승용차,4.14
2019,2110061,4,32,부산광역시,사하구,장림2동,판매시설,전통시장,일평균(06-20시),승용차,5.77
2019,2110062,4,21,부산광역시,사하구,다대1동,의료시설,공공의료시설,일평균(06-20시),승용차,14.75
2019,2110062,4,22,부산광역시,사하구,다대1동,의료시설,병·의원,일평균(06-20시),승용차,2.03
2019,2110062,4,23,부산광역시,사하구,다대1동,의료시설,종합병원,일평균(06-20시),승용차,24.56
2019,2110062,4,31,부산광역시,사하구,다대1동,판매시설,대규모점포,일평균(06-20시),승용차,12.06
2019,2110062,4,32,부산광역시,사하구,다대1동,판매시설,전통시장,일평균(06-20시),승용차,4.9
2019,2110063,4,21,부산광역시,사하구,다대2동,의료시설,공공의료시설,일평균(06-20시),승용차,15.01
2019,2110063,4,22,부산광역시,사하구,다대2동,의료시설,병·의원,일평균(06-20시),승용차,1.77
2019,2110063,4,23,부산광역시,사하구,다대2동,의료시설,종합병원,일평균(06-20시),승용차,19.1
2019,2110063,4,31,부산광역시,사하구,다대2동,판매시설,대규모점포,일평균(06-20시),승용차,7.61
2019,2110063,4,32,부산광역시,사하구,다대2동,판매시설,전통시장,일평균(06-20시),승용차,6.85
2019,2110064,4,21,부산광역시,사하구,구평동,의료시설,공공의료시설,일평균(06-20시),승용차,11.49
2019,2110064,4,22,부산광역시,사하구,구평동,의료시설,병·의원,일평균(06-20시),승용차,2.59
2019,2110064,4,23,부산광역시,사하구,구평동,의료시설,종합병원,일평균(06-20시),승용차,10.98
2019,2110064,4,31,부산광역시,사하구,구평동,판매시설,대규모점포,일평균(06-20시),승용차,5.08
2019,2110064,4,32,부산광역시,사하구,구평동,판매시설,전통시장,일평균(06-20시),승용차,5.47
2019,2110065,4,21,부산광역시,사하구,감천1동,의료시설,공공의료시설,일평균(06-20시),승용차,13.53
2019,2110065,4,22,부산광역시,사하구,감천1동,의료시설,병·의원,일평균(06-20시),승용차,2.06
2019,2110065,4,23,부산광역시,사하구,감천1동,의료시설,종합병원,일평균(06-20시),승용차,6.29
2019,2110065,4,31,부산광역시,사하구,감천1동,판매시설,대규모점포,일평균(06-20시),승용차,6.26
2019,2110065,4,32,부산광역시,사하구,감천1동,판매시설,전통시장,일평균(06-20시),승용차,3.29
2019,2110066,4,21,부산광역시,사하구,감천2동,의료시설,공공의료시설,일평균(06-20시),승용차,10.39
2019,2110066,4,22,부산광역시,사하구,감천2동,의료시설,병·의원,일평균(06-20시),승용차,1.27
2019,2110066,4,23,부산광역시,사하구,감천2동,의료시설,종합병원,일평균(06-20시),승용차,6.62
2019,2110066,4,31,부산광역시,사하구,감천2동,판매시설,대규모점포,일평균(06-20시),승용차,9.33
2019,2110066,4,32,부산광역시,사하구,감천2동,판매시설,전통시장,일평균(06-20시),승용차,1.5
2019,2111051,4,21,부산광역시,금정구,서1동,의료시설,공공의료시설,일평균(06-20시),승용차,9.69
2019,2111051,4,22,부산광역시,금정구,서1동,의료시설,병·의원,일평균(06-20시),승용차,1.5
2019,2111051,4,23,부산광역시,금정구,서1동,의료시설,종합병원,일평균(06-20시),승용차,10.73
2019,2111051,4,31,부산광역시,금정구,서1동,판매시설,대규모점포,일평균(06-20시),승용차,8.03
2019,2111051,4,32,부산광역시,금정구,서1동,판매시설,전통시장,일평균(06-20시),승용차,3.72
2019,2111052,4,21,부산광역시,금정구,서2동,의료시설,공공의료시설,일평균(06-20시),승용차,10.92
2019,2111052,4,22,부산광역시,금정구,서2동,의료시설,병·의원,일평균(06-20시),승용차,1.21
2019,2111052,4,23,부산광역시,금정구,서2동,의료시설,종합병원,일평균(06-20시),승용차,7.99
2019,2111052,4,31,부산광역시,금정구,서2동,판매시설,대규모점포,일평균(06-20시),승용차,9.18
2019,2111052,4,32,부산광역시,금정구,서2동,판매시설,전통시장,일평균(06-20시),승용차,3.91
2019,2111057,4,21,부산광역시,금정구,부곡1동,의료시설,공공의료시설,일평균(06-20시),승용차,7.44
2019,2111057,4,22,부산광역시,금정구,부곡1동,의료시설,병·의원,일평균(06-20시),승용차,2.17
2019,2111057,4,23,부산광역시,금정구,부곡1동,의료시설,종합병원,일평균(06-20시),승용차,10.33
2019,2111057,4,31,부산광역시,금정구,부곡1동,판매시설,대규모점포,일평균(06-20시),승용차,5.18
2019,2111057,4,32,부산광역시,금정구,부곡1동,판매시설,전통시장,일평균(06-20시),승용차,2.9
2019,2111058,4,21,부산광역시,금정구,부곡2동,의료시설,공공의료시설,일평균(06-20시),승용차,6.06
2019,2111058,4,22,부산광역시,금정구,부곡2동,의료시설,병·의원,일평균(06-20시),승용차,1.85
2019,2111058,4,23,부산광역시,금정구,부곡2동,의료시설,종합병원,일평균(06-20시),승용차,10.39
2019,2111058,4,31,부산광역시,금정구,부곡2동,판매시설,대규모점포,일평균(06-20시),승용차,3.97
2019,2111058,4,32,부산광역시,금정구,부곡2동,판매시설,전통시장,일평균(06-20시),승용차,2.94
2019,2111059,4,21,부산광역시,금정구,부곡3동,의료시설,공공의료시설,일평균(06-20시),승용차,3.49
2019,2111059,4,22,부산광역시,금정구,부곡3동,의료시설,병·의원,일평균(06-20시),승용차,1.36
2019,2111059,4,23,부산광역시,금정구,부곡3동,의료시설,종합병원,일평균(06-20시),승용차,9.7
2019,2111059,4,31,부산광역시,금정구,부곡3동,판매시설,대규모점포,일평균(06-20시),승용차,2.54
2019,2111059,4,32,부산광역시,금정구,부곡3동,판매시설,전통시장,일평균(06-20시),승용차,4.68
2019,2111060,4,21,부산광역시,금정구,부곡4동,의료시설,공공의료시설,일평균(06-20시),승용차,6.95
2019,2111060,4,22,부산광역시,금정구,부곡4동,의료시설,병·의원,일평균(06-20시),승용차,2.09
2019,2111060,4,23,부산광역시,금정구,부곡4동,의료시설,종합병원,일평균(06-20시),승용차,9.44
2019,2111060,4,31,부산광역시,금정구,부곡4동,판매시설,대규모점포,일평균(06-20시),승용차,5.56
2019,2111060,4,32,부산광역시,금정구,부곡4동,판매시설,전통시장,일평균(06-20시),승용차,3.12
2019,2111061,4,21,부산광역시,금정구,장전1동,의료시설,공공의료시설,일평균(06-20시),승용차,6.39
2019,2111061,4,22,부산광역시,금정구,장전1동,의료시설,병·의원,일평균(06-20시),승용차,1.84
2019,2111061,4,23,부산광역시,금정구,장전1동,의료시설,종합병원,일평균(06-20시),승용차,11.89
2019,2111061,4,31,부산광역시,금정구,장전1동,판매시설,대규모점포,일평균(06-20시),승용차,4.38
2019,2111061,4,32,부산광역시,금정구,장전1동,판매시설,전통시장,일평균(06-20시),승용차,3.27
2019,2111062,4,21,부산광역시,금정구,장전2동,의료시설,공공의료시설,일평균(06-20시),승용차,8.38
2019,2111062,4,22,부산광역시,금정구,장전2동,의료시설,병·의원,일평균(06-20시),승용차,2.1
2019,2111062,4,23,부산광역시,금정구,장전2동,의료시설,종합병원,일평균(06-20시),승용차,9.56
2019,2111062,4,31,부산광역시,금정구,장전2동,판매시설,대규모점포,일평균(06-20시),승용차,4.97
2019,2111062,4,32,부산광역시,금정구,장전2동,판매시설,전통시장,일평균(06-20시),승용차,3.76
2019,2111063,4,21,부산광역시,금정구,장전3동,의료시설,공공의료시설,일평균(06-20시),승용차,6.08
2019,2111063,4,22,부산광역시,금정구,장전3동,의료시설,병·의원,일평균(06-20시),승용차,1.09
2019,2111063,4,23,부산광역시,금정구,장전3동,의료시설,종합병원,일평균(06-20시),승용차,8.59
2019,2111063,4,31,부산광역시,금정구,장전3동,판매시설,대규모점포,일평균(06-20시),승용차,3
2019,2111063,4,32,부산광역시,금정구,장전3동,판매시설,전통시장,일평균(06-20시),승용차,2.39
2019,2111064,4,21,부산광역시,금정구,선두구동,의료시설,공공의료시설,일평균(06-20시),승용차,6.73
2019,2111064,4,22,부산광역시,금정구,선두구동,의료시설,병·의원,일평균(06-20시),승용차,9.07
2019,2111064,4,23,부산광역시,금정구,선두구동,의료시설,종합병원,일평균(06-20시),승용차,11.32
2019,2111064,4,31,부산광역시,금정구,선두구동,판매시설,대규모점포,일평균(06-20시),승용차,15.73
2019,2111064,4,32,부산광역시,금정구,선두구동,판매시설,전통시장,일평균(06-20시),승용차,15.54
2019,2111067,4,21,부산광역시,금정구,청룡노포동,의료시설,공공의료시설,일평균(06-20시),승용차,10.08
2019,2111067,4,22,부산광역시,금정구,청룡노포동,의료시설,병·의원,일평균(06-20시),승용차,2.75
2019,2111067,4,23,부산광역시,금정구,청룡노포동,의료시설,종합병원,일평균(06-20시),승용차,5.7
2019,2111067,4,31,부산광역시,금정구,청룡노포동,판매시설,대규모점포,일평균(06-20시),승용차,10.99
2019,2111067,4,32,부산광역시,금정구,청룡노포동,판매시설,전통시장,일평균(06-20시),승용차,11.98
2019,2111068,4,21,부산광역시,금정구,남산동,의료시설,공공의료시설,일평균(06-20시),승용차,8.75
2019,2111068,4,22,부산광역시,금정구,남산동,의료시설,병·의원,일평균(06-20시),승용차,1.75
2019,2111068,4,23,부산광역시,금정구,남산동,의료시설,종합병원,일평균(06-20시),승용차,4.05
2019,2111068,4,31,부산광역시,금정구,남산동,판매시설,대규모점포,일평균(06-20시),승용차,8.36
2019,2111068,4,32,부산광역시,금정구,남산동,판매시설,전통시장,일평균(06-20시),승용차,9.32
2019,2111069,4,21,부산광역시,금정구,구서1동,의료시설,공공의료시설,일평균(06-20시),승용차,4.79
2019,2111069,4,22,부산광역시,금정구,구서1동,의료시설,병·의원,일평균(06-20시),승용차,2
2019,2111069,4,23,부산광역시,금정구,구서1동,의료시설,종합병원,일평균(06-20시),승용차,9.15
2019,2111069,4,31,부산광역시,금정구,구서1동,판매시설,대규모점포,일평균(06-20시),승용차,4.35
2019,2111069,4,32,부산광역시,금정구,구서1동,판매시설,전통시장,일평균(06-20시),승용차,3.41
2019,2111070,4,21,부산광역시,금정구,구서2동,의료시설,공공의료시설,일평균(06-20시),승용차,5.53
2019,2111070,4,22,부산광역시,금정구,구서2동,의료시설,병·의원,일평균(06-20시),승용차,1.48
2019,2111070,4,23,부산광역시,금정구,구서2동,의료시설,종합병원,일평균(06-20시),승용차,6.54
2019,2111070,4,31,부산광역시,금정구,구서2동,판매시설,대규모점포,일평균(06-20시),승용차,4.55
2019,2111070,4,32,부산광역시,금정구,구서2동,판매시설,전통시장,일평균(06-20시),승용차,5.3
2019,2111071,4,21,부산광역시,금정구,금성동,의료시설,공공의료시설,일평균(06-20시),승용차,13.6
2019,2111071,4,22,부산광역시,금정구,금성동,의료시설,병·의원,일평균(06-20시),승용차,12.45
2019,2111071,4,23,부산광역시,금정구,금성동,의료시설,종합병원,일평균(06-20시),승용차,19.09
2019,2111071,4,31,부산광역시,금정구,금성동,판매시설,대규모점포,일평균(06-20시),승용차,13.76
2019,2111071,4,32,부산광역시,금정구,금성동,판매시설,전통시장,일평균(06-20시),승용차,15.87
2019,2111072,4,21,부산광역시,금정구,서3동,의료시설,공공의료시설,일평균(06-20시),승용차,11.82
2019,2111072,4,22,부산광역시,금정구,서3동,의료시설,병·의원,일평균(06-20시),승용차,2.75
2019,2111072,4,23,부산광역시,금정구,서3동,의료시설,종합병원,일평균(06-20시),승용차,11.19
2019,2111072,4,31,부산광역시,금정구,서3동,판매시설,대규모점포,일평균(06-20시),승용차,10.12
2019,2111072,4,32,부산광역시,금정구,서3동,판매시설,전통시장,일평균(06-20시),승용차,3.81
2019,2111073,4,21,부산광역시,금정구,금사회동동,의료시설,공공의료시설,일평균(06-20시),승용차,11.99
2019,2111073,4,22,부산광역시,금정구,금사회동동,의료시설,병·의원,일평균(06-20시),승용차,2.03
2019,2111073,4,23,부산광역시,금정구,금사회동동,의료시설,종합병원,일평균(06-20시),승용차,12.81
2019,2111073,4,31,부산광역시,금정구,금사회동동,판매시설,대규모점포,일평균(06-20시),승용차,11.64
2019,2111073,4,32,부산광역시,금정구,금사회동동,판매시설,전통시장,일평균(06-20시),승용차,3.93
2019,2112051,4,21,부산광역시,강서구,대저1동,의료시설,공공의료시설,일평균(06-20시),승용차,7.96
2019,2112051,4,22,부산광역시,강서구,대저1동,의료시설,병·의원,일평균(06-20시),승용차,5.18
2019,2112051,4,23,부산광역시,강서구,대저1동,의료시설,종합병원,일평균(06-20시),승용차,12.33
2019,2112051,4,31,부산광역시,강서구,대저1동,판매시설,대규모점포,일평균(06-20시),승용차,12.5
2019,2112051,4,32,부산광역시,강서구,대저1동,판매시설,전통시장,일평균(06-20시),승용차,9.87
2019,2112052,4,21,부산광역시,강서구,대저2동,의료시설,공공의료시설,일평균(06-20시),승용차,6.78
2019,2112052,4,22,부산광역시,강서구,대저2동,의료시설,병·의원,일평균(06-20시),승용차,5.41
2019,2112052,4,23,부산광역시,강서구,대저2동,의료시설,종합병원,일평균(06-20시),승용차,18.46
2019,2112052,4,31,부산광역시,강서구,대저2동,판매시설,대규모점포,일평균(06-20시),승용차,15.34
2019,2112052,4,32,부산광역시,강서구,대저2동,판매시설,전통시장,일평균(06-20시),승용차,13.06
2019,2112053,4,21,부산광역시,강서구,강동동,의료시설,공공의료시설,일평균(06-20시),승용차,6.46
2019,2112053,4,22,부산광역시,강서구,강동동,의료시설,병·의원,일평균(06-20시),승용차,9.08
2019,2112053,4,23,부산광역시,강서구,강동동,의료시설,종합병원,일평균(06-20시),승용차,16.85
2019,2112053,4,31,부산광역시,강서구,강동동,판매시설,대규모점포,일평균(06-20시),승용차,14.17
2019,2112053,4,32,부산광역시,강서구,강동동,판매시설,전통시장,일평균(06-20시),승용차,14.95
2019,2112055,4,21,부산광역시,강서구,가락동,의료시설,공공의료시설,일평균(06-20시),승용차,7.13
2019,2112055,4,22,부산광역시,강서구,가락동,의료시설,병·의원,일평균(06-20시),승용차,11.33
2019,2112055,4,23,부산광역시,강서구,가락동,의료시설,종합병원,일평균(06-20시),승용차,14.74
2019,2112055,4,31,부산광역시,강서구,가락동,판매시설,대규모점포,일평균(06-20시),승용차,11.89
2019,2112055,4,32,부산광역시,강서구,가락동,판매시설,전통시장,일평균(06-20시),승용차,15.45
2019,2112056,4,21,부산광역시,강서구,녹산동,의료시설,공공의료시설,일평균(06-20시),승용차,8.15
2019,2112056,4,22,부산광역시,강서구,녹산동,의료시설,병·의원,일평균(06-20시),승용차,2.59
2019,2112056,4,23,부산광역시,강서구,녹산동,의료시설,종합병원,일평균(06-20시),승용차,29.46
2019,2112056,4,31,부산광역시,강서구,녹산동,판매시설,대규모점포,일평균(06-20시),승용차,14.94
2019,2112056,4,32,부산광역시,강서구,녹산동,판매시설,전통시장,일평균(06-20시),승용차,17.42
2019,2112058,4,21,부산광역시,강서구,가덕도동,의료시설,공공의료시설,일평균(06-20시),승용차,5.15
2019,2112058,4,22,부산광역시,강서구,가덕도동,의료시설,병·의원,일평균(06-20시),승용차,15.04
2019,2112058,4,23,부산광역시,강서구,가덕도동,의료시설,종합병원,일평균(06-20시),승용차,43.83
2019,2112058,4,31,부산광역시,강서구,가덕도동,판매시설,대규모점포,일평균(06-20시),승용차,26.85
2019,2112058,4,32,부산광역시,강서구,가덕도동,판매시설,전통시장,일평균(06-20시),승용차,30
2019,2112059,4,21,부산광역시,강서구,명지1동,의료시설,공공의료시설,일평균(06-20시),승용차,9.21
2019,2112059,4,22,부산광역시,강서구,명지1동,의료시설,병·의원,일평균(06-20시),승용차,1.94
2019,2112059,4,23,부산광역시,강서구,명지1동,의료시설,종합병원,일평균(06-20시),승용차,27.52
2019,2112059,4,31,부산광역시,강서구,명지1동,판매시설,대규모점포,일평균(06-20시),승용차,3.78
2019,2112059,4,32,부산광역시,강서구,명지1동,판매시설,전통시장,일평균(06-20시),승용차,6.19
2019,2112060,4,21,부산광역시,강서구,명지2동,의료시설,공공의료시설,일평균(06-20시),승용차,12.17
2019,2112060,4,22,부산광역시,강서구,명지2동,의료시설,병·의원,일평균(06-20시),승용차,1.9
2019,2112060,4,23,부산광역시,강서구,명지2동,의료시설,종합병원,일평균(06-20시),승용차,28.53
2019,2112060,4,31,부산광역시,강서구,명지2동,판매시설,대규모점포,일평균(06-20시),승용차,6.72
2019,2112060,4,32,부산광역시,강서구,명지2동,판매시설,전통시장,일평균(06-20시),승용차,10
2019,2113051,4,21,부산광역시,연제구,거제1동,의료시설,공공의료시설,일평균(06-20시),승용차,7.04
2019,2113051,4,22,부산광역시,연제구,거제1동,의료시설,병·의원,일평균(06-20시),승용차,1.47
2019,2113051,4,23,부산광역시,연제구,거제1동,의료시설,종합병원,일평균(06-20시),승용차,5.06
2019,2113051,4,31,부산광역시,연제구,거제1동,판매시설,대규모점포,일평균(06-20시),승용차,2.85
2019,2113051,4,32,부산광역시,연제구,거제1동,판매시설,전통시장,일평균(06-20시),승용차,3.82
2019,2113052,4,21,부산광역시,연제구,거제2동,의료시설,공공의료시설,일평균(06-20시),승용차,8.78
2019,2113052,4,22,부산광역시,연제구,거제2동,의료시설,병·의원,일평균(06-20시),승용차,1.63
2019,2113052,4,23,부산광역시,연제구,거제2동,의료시설,종합병원,일평균(06-20시),승용차,3.52
2019,2113052,4,31,부산광역시,연제구,거제2동,판매시설,대규모점포,일평균(06-20시),승용차,3.43
2019,2113052,4,32,부산광역시,연제구,거제2동,판매시설,전통시장,일평균(06-20시),승용차,1.99
2019,2113053,4,21,부산광역시,연제구,거제3동,의료시설,공공의료시설,일평균(06-20시),승용차,5.83
2019,2113053,4,22,부산광역시,연제구,거제3동,의료시설,병·의원,일평균(06-20시),승용차,1.37
2019,2113053,4,23,부산광역시,연제구,거제3동,의료시설,종합병원,일평균(06-20시),승용차,6.24
2019,2113053,4,31,부산광역시,연제구,거제3동,판매시설,대규모점포,일평균(06-20시),승용차,5.4
2019,2113053,4,32,부산광역시,연제구,거제3동,판매시설,전통시장,일평균(06-20시),승용차,2.4
2019,2113054,4,21,부산광역시,연제구,거제4동,의료시설,공공의료시설,일평균(06-20시),승용차,8.24
2019,2113054,4,22,부산광역시,연제구,거제4동,의료시설,병·의원,일평균(06-20시),승용차,2.77
2019,2113054,4,23,부산광역시,연제구,거제4동,의료시설,종합병원,일평균(06-20시),승용차,7.35
2019,2113054,4,31,부산광역시,연제구,거제4동,판매시설,대규모점포,일평균(06-20시),승용차,7
2019,2113054,4,32,부산광역시,연제구,거제4동,판매시설,전통시장,일평균(06-20시),승용차,4.2
2019,2113055,4,21,부산광역시,연제구,연산1동,의료시설,공공의료시설,일평균(06-20시),승용차,10.12
2019,2113055,4,22,부산광역시,연제구,연산1동,의료시설,병·의원,일평균(06-20시),승용차,2.01
2019,2113055,4,23,부산광역시,연제구,연산1동,의료시설,종합병원,일평균(06-20시),승용차,5.79
2019,2113055,4,31,부산광역시,연제구,연산1동,판매시설,대규모점포,일평균(06-20시),승용차,3.13
2019,2113055,4,32,부산광역시,연제구,연산1동,판매시설,전통시장,일평균(06-20시),승용차,2.72
2019,2113056,4,21,부산광역시,연제구,연산2동,의료시설,공공의료시설,일평균(06-20시),승용차,3.39
2019,2113056,4,22,부산광역시,연제구,연산2동,의료시설,병·의원,일평균(06-20시),승용차,1.88
2019,2113056,4,23,부산광역시,연제구,연산2동,의료시설,종합병원,일평균(06-20시),승용차,6.03
2019,2113056,4,31,부산광역시,연제구,연산2동,판매시설,대규모점포,일평균(06-20시),승용차,2.89
2019,2113056,4,32,부산광역시,연제구,연산2동,판매시설,전통시장,일평균(06-20시),승용차,2.52
2019,2113057,4,21,부산광역시,연제구,연산3동,의료시설,공공의료시설,일평균(06-20시),승용차,6.67
2019,2113057,4,22,부산광역시,연제구,연산3동,의료시설,병·의원,일평균(06-20시),승용차,1.45
2019,2113057,4,23,부산광역시,연제구,연산3동,의료시설,종합병원,일평균(06-20시),승용차,8.58
2019,2113057,4,31,부산광역시,연제구,연산3동,판매시설,대규모점포,일평균(06-20시),승용차,5.3
2019,2113057,4,32,부산광역시,연제구,연산3동,판매시설,전통시장,일평균(06-20시),승용차,2.19
2019,2113058,4,21,부산광역시,연제구,연산4동,의료시설,공공의료시설,일평균(06-20시),승용차,8.14
2019,2113058,4,22,부산광역시,연제구,연산4동,의료시설,병·의원,일평균(06-20시),승용차,1.86
2019,2113058,4,23,부산광역시,연제구,연산4동,의료시설,종합병원,일평균(06-20시),승용차,7.67
2019,2113058,4,31,부산광역시,연제구,연산4동,판매시설,대규모점포,일평균(06-20시),승용차,4.63
2019,2113058,4,32,부산광역시,연제구,연산4동,판매시설,전통시장,일평균(06-20시),승용차,3.19
2019,2113059,4,21,부산광역시,연제구,연산5동,의료시설,공공의료시설,일평균(06-20시),승용차,5.24
2019,2113059,4,22,부산광역시,연제구,연산5동,의료시설,병·의원,일평균(06-20시),승용차,1.34
2019,2113059,4,23,부산광역시,연제구,연산5동,의료시설,종합병원,일평균(06-20시),승용차,7.18
2019,2113059,4,31,부산광역시,연제구,연산5동,판매시설,대규모점포,일평균(06-20시),승용차,4.87
2019,2113059,4,32,부산광역시,연제구,연산5동,판매시설,전통시장,일평균(06-20시),승용차,2.15
2019,2113060,4,21,부산광역시,연제구,연산6동,의료시설,공공의료시설,일평균(06-20시),승용차,5.63
2019,2113060,4,22,부산광역시,연제구,연산6동,의료시설,병·의원,일평균(06-20시),승용차,2.02
2019,2113060,4,23,부산광역시,연제구,연산6동,의료시설,종합병원,일평균(06-20시),승용차,7.64
2019,2113060,4,31,부산광역시,연제구,연산6동,판매시설,대규모점포,일평균(06-20시),승용차,4.21
2019,2113060,4,32,부산광역시,연제구,연산6동,판매시설,전통시장,일평균(06-20시),승용차,2.65
2019,2113062,4,21,부산광역시,연제구,연산8동,의료시설,공공의료시설,일평균(06-20시),승용차,10.39
2019,2113062,4,22,부산광역시,연제구,연산8동,의료시설,병·의원,일평균(06-20시),승용차,1.55
2019,2113062,4,23,부산광역시,연제구,연산8동,의료시설,종합병원,일평균(06-20시),승용차,6.39
2019,2113062,4,31,부산광역시,연제구,연산8동,판매시설,대규모점포,일평균(06-20시),승용차,4.04
2019,2113062,4,32,부산광역시,연제구,연산8동,판매시설,전통시장,일평균(06-20시),승용차,2.24
2019,2113063,4,21,부산광역시,연제구,연산9동,의료시설,공공의료시설,일평균(06-20시),승용차,8.69
2019,2113063,4,22,부산광역시,연제구,연산9동,의료시설,병·의원,일평균(06-20시),승용차,2.29
2019,2113063,4,23,부산광역시,연제구,연산9동,의료시설,종합병원,일평균(06-20시),승용차,9.65
2019,2113063,4,31,부산광역시,연제구,연산9동,판매시설,대규모점포,일평균(06-20시),승용차,3.71
2019,2113063,4,32,부산광역시,연제구,연산9동,판매시설,전통시장,일평균(06-20시),승용차,4.48
2019,2114051,4,21,부산광역시,수영구,남천1동,의료시설,공공의료시설,일평균(06-20시),승용차,8.22
2019,2114051,4,22,부산광역시,수영구,남천1동,의료시설,병·의원,일평균(06-20시),승용차,1.52
2019,2114051,4,23,부산광역시,수영구,남천1동,의료시설,종합병원,일평균(06-20시),승용차,4.09
2019,2114051,4,31,부산광역시,수영구,남천1동,판매시설,대규모점포,일평균(06-20시),승용차,4.22
2019,2114051,4,32,부산광역시,수영구,남천1동,판매시설,전통시장,일평균(06-20시),승용차,2.43
2019,2114052,4,21,부산광역시,수영구,남천2동,의료시설,공공의료시설,일평균(06-20시),승용차,8.72
2019,2114052,4,22,부산광역시,수영구,남천2동,의료시설,병·의원,일평균(06-20시),승용차,1.41
2019,2114052,4,23,부산광역시,수영구,남천2동,의료시설,종합병원,일평균(06-20시),승용차,4.13
2019,2114052,4,31,부산광역시,수영구,남천2동,판매시설,대규모점포,일평균(06-20시),승용차,4.82
2019,2114052,4,32,부산광역시,수영구,남천2동,판매시설,전통시장,일평균(06-20시),승용차,1.45
2019,2114053,4,21,부산광역시,수영구,수영동,의료시설,공공의료시설,일평균(06-20시),승용차,7.04
2019,2114053,4,22,부산광역시,수영구,수영동,의료시설,병·의원,일평균(06-20시),승용차,1.55
2019,2114053,4,23,부산광역시,수영구,수영동,의료시설,종합병원,일평균(06-20시),승용차,7.31
2019,2114053,4,31,부산광역시,수영구,수영동,판매시설,대규모점포,일평균(06-20시),승용차,5.86
2019,2114053,4,32,부산광역시,수영구,수영동,판매시설,전통시장,일평균(06-20시),승용차,2.03
2019,2114054,4,21,부산광역시,수영구,망미1동,의료시설,공공의료시설,일평균(06-20시),승용차,8.58
2019,2114054,4,22,부산광역시,수영구,망미1동,의료시설,병·의원,일평균(06-20시),승용차,1.9
2019,2114054,4,23,부산광역시,수영구,망미1동,의료시설,종합병원,일평균(06-20시),승용차,9.21
2019,2114054,4,31,부산광역시,수영구,망미1동,판매시설,대규모점포,일평균(06-20시),승용차,7.3
2019,2114054,4,32,부산광역시,수영구,망미1동,판매시설,전통시장,일평균(06-20시),승용차,2.33
2019,2114055,4,21,부산광역시,수영구,망미2동,의료시설,공공의료시설,일평균(06-20시),승용차,7.75
2019,2114055,4,22,부산광역시,수영구,망미2동,의료시설,병·의원,일평균(06-20시),승용차,2.3
2019,2114055,4,23,부산광역시,수영구,망미2동,의료시설,종합병원,일평균(06-20시),승용차,9.5
2019,2114055,4,31,부산광역시,수영구,망미2동,판매시설,대규모점포,일평균(06-20시),승용차,3.5
2019,2114055,4,32,부산광역시,수영구,망미2동,판매시설,전통시장,일평균(06-20시),승용차,3.97
2019,2114056,4,21,부산광역시,수영구,광안1동,의료시설,공공의료시설,일평균(06-20시),승용차,2.68
2019,2114056,4,22,부산광역시,수영구,광안1동,의료시설,병·의원,일평균(06-20시),승용차,1.44
2019,2114056,4,23,부산광역시,수영구,광안1동,의료시설,종합병원,일평균(06-20시),승용차,3.2
2019,2114056,4,31,부산광역시,수영구,광안1동,판매시설,대규모점포,일평균(06-20시),승용차,10.13
2019,2114056,4,32,부산광역시,수영구,광안1동,판매시설,전통시장,일평균(06-20시),승용차,2.07
2019,2114057,4,21,부산광역시,수영구,광안2동,의료시설,공공의료시설,일평균(06-20시),승용차,4.52
2019,2114057,4,22,부산광역시,수영구,광안2동,의료시설,병·의원,일평균(06-20시),승용차,1.5
2019,2114057,4,23,부산광역시,수영구,광안2동,의료시설,종합병원,일평균(06-20시),승용차,3.14
2019,2114057,4,31,부산광역시,수영구,광안2동,판매시설,대규모점포,일평균(06-20시),승용차,8.6
2019,2114057,4,32,부산광역시,수영구,광안2동,판매시설,전통시장,일평균(06-20시),승용차,2.33
2019,2114058,4,21,부산광역시,수영구,광안3동,의료시설,공공의료시설,일평균(06-20시),승용차,5.2
2019,2114058,4,22,부산광역시,수영구,광안3동,의료시설,병·의원,일평균(06-20시),승용차,1.43
2019,2114058,4,23,부산광역시,수영구,광안3동,의료시설,종합병원,일평균(06-20시),승용차,5.48
2019,2114058,4,31,부산광역시,수영구,광안3동,판매시설,대규모점포,일평균(06-20시),승용차,8.27
2019,2114058,4,32,부산광역시,수영구,광안3동,판매시설,전통시장,일평균(06-20시),승용차,2.3
2019,2114059,4,21,부산광역시,수영구,광안4동,의료시설,공공의료시설,일평균(06-20시),승용차,4.17
2019,2114059,4,22,부산광역시,수영구,광안4동,의료시설,병·의원,일평균(06-20시),승용차,1.52
2019,2114059,4,23,부산광역시,수영구,광안4동,의료시설,종합병원,일평균(06-20시),승용차,3.11
2019,2114059,4,31,부산광역시,수영구,광안4동,판매시설,대규모점포,일평균(06-20시),승용차,9.89
2019,2114059,4,32,부산광역시,수영구,광안4동,판매시설,전통시장,일평균(06-20시),승용차,2.65
2019,2114060,4,21,부산광역시,수영구,민락동,의료시설,공공의료시설,일평균(06-20시),승용차,6.67
2019,2114060,4,22,부산광역시,수영구,민락동,의료시설,병·의원,일평균(06-20시),승용차,1.71
2019,2114060,4,23,부산광역시,수영구,민락동,의료시설,종합병원,일평균(06-20시),승용차,6.74
2019,2114060,4,31,부산광역시,수영구,민락동,판매시설,대규모점포,일평균(06-20시),승용차,6.2
2019,2114060,4,32,부산광역시,수영구,민락동,판매시설,전통시장,일평균(06-20시),승용차,2.06
2019,2115051,4,21,부산광역시,사상구,삼락동,의료시설,공공의료시설,일평균(06-20시),승용차,10.57
2019,2115051,4,22,부산광역시,사상구,삼락동,의료시설,병·의원,일평균(06-20시),승용차,2.89
2019,2115051,4,23,부산광역시,사상구,삼락동,의료시설,종합병원,일평균(06-20시),승용차,10.92
2019,2115051,4,31,부산광역시,사상구,삼락동,판매시설,대규모점포,일평균(06-20시),승용차,5.1
2019,2115051,4,32,부산광역시,사상구,삼락동,판매시설,전통시장,일평균(06-20시),승용차,3.15
2019,2115052,4,21,부산광역시,사상구,모라1동,의료시설,공공의료시설,일평균(06-20시),승용차,11.69
2019,2115052,4,22,부산광역시,사상구,모라1동,의료시설,병·의원,일평균(06-20시),승용차,1.83
2019,2115052,4,23,부산광역시,사상구,모라1동,의료시설,종합병원,일평균(06-20시),승용차,8.94
2019,2115052,4,31,부산광역시,사상구,모라1동,판매시설,대규모점포,일평균(06-20시),승용차,8.87
2019,2115052,4,32,부산광역시,사상구,모라1동,판매시설,전통시장,일평균(06-20시),승용차,2.37
2019,2115054,4,21,부산광역시,사상구,모라3동,의료시설,공공의료시설,일평균(06-20시),승용차,14.09
2019,2115054,4,22,부산광역시,사상구,모라3동,의료시설,병·의원,일평균(06-20시),승용차,2.37
2019,2115054,4,23,부산광역시,사상구,모라3동,의료시설,종합병원,일평균(06-20시),승용차,12.54
2019,2115054,4,31,부산광역시,사상구,모라3동,판매시설,대규모점포,일평균(06-20시),승용차,12.84
2019,2115054,4,32,부산광역시,사상구,모라3동,판매시설,전통시장,일평균(06-20시),승용차,4.9
2019,2115055,4,21,부산광역시,사상구,덕포1동,의료시설,공공의료시설,일평균(06-20시),승용차,11.31
2019,2115055,4,22,부산광역시,사상구,덕포1동,의료시설,병·의원,일평균(06-20시),승용차,3.67
2019,2115055,4,23,부산광역시,사상구,덕포1동,의료시설,종합병원,일평균(06-20시),승용차,9.16
2019,2115055,4,31,부산광역시,사상구,덕포1동,판매시설,대규모점포,일평균(06-20시),승용차,7.01
2019,2115055,4,32,부산광역시,사상구,덕포1동,판매시설,전통시장,일평균(06-20시),승용차,3.25
2019,2115056,4,21,부산광역시,사상구,덕포2동,의료시설,공공의료시설,일평균(06-20시),승용차,12.8
2019,2115056,4,22,부산광역시,사상구,덕포2동,의료시설,병·의원,일평균(06-20시),승용차,3.31
2019,2115056,4,23,부산광역시,사상구,덕포2동,의료시설,종합병원,일평균(06-20시),승용차,9.92
2019,2115056,4,31,부산광역시,사상구,덕포2동,판매시설,대규모점포,일평균(06-20시),승용차,8.45
2019,2115056,4,32,부산광역시,사상구,덕포2동,판매시설,전통시장,일평균(06-20시),승용차,3.36
2019,2115057,4,21,부산광역시,사상구,괘법동,의료시설,공공의료시설,일평균(06-20시),승용차,8.39
2019,2115057,4,22,부산광역시,사상구,괘법동,의료시설,병·의원,일평균(06-20시),승용차,2.07
2019,2115057,4,23,부산광역시,사상구,괘법동,의료시설,종합병원,일평균(06-20시),승용차,10.09
2019,2115057,4,31,부산광역시,사상구,괘법동,판매시설,대규모점포,일평균(06-20시),승용차,3.51
2019,2115057,4,32,부산광역시,사상구,괘법동,판매시설,전통시장,일평균(06-20시),승용차,2.2
2019,2115060,4,21,부산광역시,사상구,주례1동,의료시설,공공의료시설,일평균(06-20시),승용차,7.74
2019,2115060,4,22,부산광역시,사상구,주례1동,의료시설,병·의원,일평균(06-20시),승용차,2.05
2019,2115060,4,23,부산광역시,사상구,주례1동,의료시설,종합병원,일평균(06-20시),승용차,3.71
2019,2115060,4,31,부산광역시,사상구,주례1동,판매시설,대규모점포,일평균(06-20시),승용차,7.76
2019,2115060,4,32,부산광역시,사상구,주례1동,판매시설,전통시장,일평균(06-20시),승용차,3.69
2019,2115061,4,21,부산광역시,사상구,주례2동,의료시설,공공의료시설,일평균(06-20시),승용차,8.93
2019,2115061,4,22,부산광역시,사상구,주례2동,의료시설,병·의원,일평균(06-20시),승용차,2.69
2019,2115061,4,23,부산광역시,사상구,주례2동,의료시설,종합병원,일평균(06-20시),승용차,3.66
2019,2115061,4,31,부산광역시,사상구,주례2동,판매시설,대규모점포,일평균(06-20시),승용차,5.39
2019,2115061,4,32,부산광역시,사상구,주례2동,판매시설,전통시장,일평균(06-20시),승용차,3.56
2019,2115062,4,21,부산광역시,사상구,주례3동,의료시설,공공의료시설,일평균(06-20시),승용차,7.23
2019,2115062,4,22,부산광역시,사상구,주례3동,의료시설,병·의원,일평균(06-20시),승용차,2.87
2019,2115062,4,23,부산광역시,사상구,주례3동,의료시설,종합병원,일평균(06-20시),승용차,3.91
2019,2115062,4,31,부산광역시,사상구,주례3동,판매시설,대규모점포,일평균(06-20시),승용차,7.2
2019,2115062,4,32,부산광역시,사상구,주례3동,판매시설,전통시장,일평균(06-20시),승용차,1.48
2019,2115063,4,21,부산광역시,사상구,학장동,의료시설,공공의료시설,일평균(06-20시),승용차,7.97
2019,2115063,4,22,부산광역시,사상구,학장동,의료시설,병·의원,일평균(06-20시),승용차,1.6
2019,2115063,4,23,부산광역시,사상구,학장동,의료시설,종합병원,일평균(06-20시),승용차,9.18
2019,2115063,4,31,부산광역시,사상구,학장동,판매시설,대규모점포,일평균(06-20시),승용차,7.28
2019,2115063,4,32,부산광역시,사상구,학장동,판매시설,전통시장,일평균(06-20시),승용차,2.2
2019,2115064,4,21,부산광역시,사상구,엄궁동,의료시설,공공의료시설,일평균(06-20시),승용차,12.16
2019,2115064,4,22,부산광역시,사상구,엄궁동,의료시설,병·의원,일평균(06-20시),승용차,2.52
2019,2115064,4,23,부산광역시,사상구,엄궁동,의료시설,종합병원,일평균(06-20시),승용차,14.43
2019,2115064,4,31,부산광역시,사상구,엄궁동,판매시설,대규모점포,일평균(06-20시),승용차,4.22
2019,2115064,4,32,부산광역시,사상구,엄궁동,판매시설,전통시장,일평균(06-20시),승용차,5.18
2019,2115065,4,21,부산광역시,사상구,감전동,의료시설,공공의료시설,일평균(06-20시),승용차,6.06
2019,2115065,4,22,부산광역시,사상구,감전동,의료시설,병·의원,일평균(06-20시),승용차,2.14
2019,2115065,4,23,부산광역시,사상구,감전동,의료시설,종합병원,일평균(06-20시),승용차,8.04
2019,2115065,4,31,부산광역시,사상구,감전동,판매시설,대규모점포,일평균(06-20시),승용차,4.92
2019,2115065,4,32,부산광역시,사상구,감전동,판매시설,전통시장,일평균(06-20시),승용차,3.03
2019,2131011,4,21,부산광역시,기장군,기장읍,의료시설,공공의료시설,일평균(06-20시),승용차,6.33
2019,2131011,4,22,부산광역시,기장군,기장읍,의료시설,병·의원,일평균(06-20시),승용차,2.75
2019,2131011,4,23,부산광역시,기장군,기장읍,의료시설,종합병원,일평균(06-20시),승용차,17.25
2019,2131011,4,31,부산광역시,기장군,기장읍,판매시설,대규모점포,일평균(06-20시),승용차,5.41
2019,2131011,4,32,부산광역시,기장군,기장읍,판매시설,전통시장,일평균(06-20시),승용차,5.73
2019,2131012,4,21,부산광역시,기장군,장안읍,의료시설,공공의료시설,일평균(06-20시),승용차,6.86
2019,2131012,4,22,부산광역시,기장군,장안읍,의료시설,병·의원,일평균(06-20시),승용차,5.23
2019,2131012,4,23,부산광역시,기장군,장안읍,의료시설,종합병원,일평균(06-20시),승용차,10.61
2019,2131012,4,31,부산광역시,기장군,장안읍,판매시설,대규모점포,일평균(06-20시),승용차,18.98
2019,2131012,4,32,부산광역시,기장군,장안읍,판매시설,전통시장,일평균(06-20시),승용차,19.74
2019,2131013,4,21,부산광역시,기장군,정관읍,의료시설,공공의료시설,일평균(06-20시),승용차,5.5
2019,2131013,4,22,부산광역시,기장군,정관읍,의료시설,병·의원,일평균(06-20시),승용차,2.18
2019,2131013,4,23,부산광역시,기장군,정관읍,의료시설,종합병원,일평균(06-20시),승용차,15.55
2019,2131013,4,31,부산광역시,기장군,정관읍,판매시설,대규모점포,일평균(06-20시),승용차,5.06
2019,2131013,4,32,부산광역시,기장군,정관읍,판매시설,전통시장,일평균(06-20시),승용차,13.85
2019,2131031,4,21,부산광역시,기장군,일광면,의료시설,공공의료시설,일평균(06-20시),승용차,5.11
2019,2131031,4,22,부산광역시,기장군,일광면,의료시설,병·의원,일평균(06-20시),승용차,4.78
2019,2131031,4,23,부산광역시,기장군,일광면,의료시설,종합병원,일평균(06-20시),승용차,12.88
2019,2131031,4,31,부산광역시,기장군,일광면,판매시설,대규모점포,일평균(06-20시),승용차,8.32
2019,2131031,4,32,부산광역시,기장군,일광면,판매시설,전통시장,일평균(06-20시),승용차,13.42
2019,2131033,4,21,부산광역시,기장군,철마면,의료시설,공공의료시설,일평균(06-20시),승용차,5.51
2019,2131033,4,22,부산광역시,기장군,철마면,의료시설,병·의원,일평균(06-20시),승용차,5.21
2019,2131033,4,23,부산광역시,기장군,철마면,의료시설,종합병원,일평균(06-20시),승용차,22.08
2019,2131033,4,31,부산광역시,기장군,철마면,판매시설,대규모점포,일평균(06-20시),승용차,13.42
2019,2131033,4,32,부산광역시,기장군,철마면,판매시설,전통시장,일평균(06-20시),승용차,9.63
